id,name,rating,created_at,updated_at
1,Satria Demo 01,4.8,2026-10-04 16:26:24,2026-10-04 16:26:24
2,Satria Demo 02,4.6,2026-10-04 16:26:25,2026-10-04 16:26:25
3,Satria Demo 03,4.9,2026-10-04 16:26:25,2026-10-04 16:26:25
4,Satria Demo 04,4.7,2026-10-05 03:56:20,2026-10-05 03:56:20
5,Satria Demo 05,4.5,2026-10-05 04:38:25,2026-10-05 04:38:25
6,Satria Demo 06,4.4,2026-10-05 04:38:25,2026-10-05 04:38:25
7,Satria Demo 07,4.8,2026-10-05 04:38:26,2026-10-05 04:38:26
8,Satria Demo 08,4.9,2026-10-05 04:38:26,2026-10-05 04:38:26
9,Satria Demo 09,4.3,2026-10-05 04:38:27,2026-10-05 04:38:27
10,Satria Demo 10,4.7,2026-10-05 04:38:27,2026-10-05 04:38:27
11,Satria Demo 11,4.6,2026-10-05 04:38:28,2026-10-05 04:38:28
12,Satria Demo 12,5.0,2026-10-05 04:38:28,2026-10-05 04:39:20
13,Satria Demo 13,4.2,2026-10-05 04:38:29,2026-10-05 04:38:29
14,Satria Demo 14,4.8,2026-10-05 04:38:30,2026-10-05 04:38:30
15,Satria Demo 15,4.5,2026-10-05 04:38:30,2026-10-05 04:38:30
16,Satria Demo 16,4.9,2026-10-05 04:38:31,2026-10-05 04:38:31
17,Satria Demo 17,4.4,2026-10-05 04:38:31,2026-10-05 04:38:31
18,Satria Demo 18,4.7,2026-10-05 04:38:32,2026-10-05 04:38:32
19,Satria Demo 19,4.6,2026-10-05 04:38:32,2026-10-05 04:38:32
20,Satria Demo 20,5.0,2026-10-05 04:38:33,2026-10-05 04:39:23
21,Satria Demo 21,4.3,2026-10-05 04:38:34,2026-10-05 04:38:34
22,Satria Demo 22,4.8,2026-10-05 04:38:34,2026-10-05 04:38:34
23,Satria Demo 23,4.5,2026-10-05 04:38:35,2026-10-05 04:38:35
24,Satria Demo 24,4.9,2026-10-05 04:38:35,2026-10-05 04:38:35
25,Satria Demo 25,4.6,2026-10-05 04:38:36,2026-10-05 04:38:36
