customer_id,customer_city,customer_state,created_at,updated_at
cust-demo-001,Campos dos Goytacazes,RJ,2026-10-01 02:53:12.638353+00,2026-10-01 02:53:12.638353+00
cust-demo-002,Niteroi,RJ,2026-10-01 02:53:12.638353+00,2026-10-01 02:53:12.638353+00
cust-demo-003,Sao Paulo,SP,2026-10-01 02:53:12.638353+00,2026-10-01 02:53:12.638353+00
cust-demo-004,Bandung,JB,2026-10-05 04:37:21.738828+00,2026-10-05 04:37:21.738828+00
cust-demo-005,Semarang,JT,2026-10-05 04:37:21.738828+00,2026-10-05 04:37:21.738828+00
cust-demo-006,Surabaya,JI,2026-10-05 04:37:21.738828+00,2026-10-05 04:37:21.738828+00
cust-demo-007,Yogyakarta,YO,2026-10-05 04:37:21.738828+00,2026-10-05 04:37:21.738828+00
cust-demo-008,Medan,SU,2026-10-05 04:37:21.738828+00,2026-10-05 04:37:21.738828+00
cust-demo-009,Palembang,SS,2026-10-05 04:37:21.738828+00,2026-10-05 04:37:21.738828+00
cust-demo-010,Denpasar,BA,2026-10-05 04:37:21.738828+00,2026-10-05 04:37:21.738828+00
cust-demo-011,Makassar,SN,2026-10-05 04:37:21.738828+00,2026-10-05 04:37:21.738828+00
cust-demo-012,Balikpapan,KI,2026-10-05 04:37:21.738828+00,2026-10-05 04:37:21.738828+00
cust-demo-013,Malang,JI,2026-10-05 04:37:21.738828+00,2026-10-05 04:37:21.738828+00
cust-demo-014,Pekanbaru,RI,2026-10-05 04:37:21.738828+00,2026-10-05 04:37:21.738828+00
cust-demo-015,Padang,SB,2026-10-05 04:37:21.738828+00,2026-10-05 04:37:21.738828+00
cust-demo-016,Banjarmasin,KS,2026-10-05 04:37:21.738828+00,2026-10-05 04:37:21.738828+00
cust-demo-017,Pontianak,KB,2026-10-05 04:37:21.738828+00,2026-10-05 04:37:21.738828+00
cust-demo-018,Manado,SA,2026-10-05 04:37:21.738828+00,2026-10-05 04:37:21.738828+00
cust-demo-019,Batam,KR,2026-10-05 04:37:21.738828+00,2026-10-05 04:37:21.738828+00
cust-demo-020,Solo,JT,2026-10-05 04:37:21.738828+00,2026-10-05 04:37:21.738828+00
cust-demo-021,Cirebon,JB,2026-10-05 04:37:21.738828+00,2026-10-05 04:37:21.738828+00
cust-demo-022,Bogor,JB,2026-10-05 04:37:21.738828+00,2026-10-05 04:37:21.738828+00
cust-demo-023,Depok,JB,2026-10-05 04:37:21.738828+00,2026-10-05 04:37:21.738828+00
cust-demo-024,Tangerang,BT,2026-10-05 04:37:21.738828+00,2026-10-05 04:37:21.738828+00
cust-demo-025,Bekasi,JB,2026-10-05 04:37:21.738828+00,2026-10-05 04:37:21.738828+00
cust-demo-026,Mataram,NB,2026-10-05 04:37:21.738828+00,2026-10-05 04:37:21.738828+00
