id,resi,membantu,catatan,created_at,updated_at
1,00010242fe8c5a6d1ba2dd792cb16214,t,,2026-10-05 04:38:55,2026-10-05 04:38:55
2,0008288aa423d2a3f00fcb17cd7d8719,f,"Estimasi bergeser karena macet, mohon info lebih awal.",2026-10-05 04:38:55,2026-10-05 04:38:55
3,11111111111111111111111111111111,t,"Paket cepat sampai, terima kasih.",2026-10-05 04:38:56,2026-10-05 04:38:56
4,22222222222222222222222222222222,f,Pembatalan tidak dijelaskan alasannya.,2026-10-05 04:38:57,2026-10-05 04:38:57
5,33333333333333333333333333333333,t,,2026-10-05 04:38:57,2026-10-05 04:38:57
6,44444444444444444444444444444444,t,Penyortiran di gudang cepat.,2026-10-05 04:38:58,2026-10-05 04:38:58
7,55555555555555555555555555555555,t,Lebih cepat dari estimasi.,2026-10-05 04:38:58,2026-10-05 04:38:58
8,66666666666666666666666666666666,t,,2026-10-05 04:38:59,2026-10-05 04:38:59
9,77777777777777777777777777777777,f,Dibatalkan sepihak padahal pesanan sudah dibayar.,2026-10-05 04:38:59,2026-10-05 04:38:59
10,88888888888888888888888888888888,f,Ada tambahan waktu 20 menit tanpa notifikasi.,2026-10-05 04:39:00,2026-10-05 04:39:00
11,ina20260928cgkbdo000000000000001,t,,2026-10-05 04:39:00,2026-10-05 04:39:00
12,ina20260929bksupg000000000000002,t,Status pengiriman jelas dan mudah dipantau.,2026-10-05 04:39:01,2026-10-05 04:39:01
13,ina20260927mdnbpn000000000000003,f,"Tertunda karena cuaca, mohon estimasi baru ditampilkan.",2026-10-05 04:39:01,2026-10-05 04:39:01
14,ina20260926plmmlg000000000000004,t,Pengalihan rute diinformasikan dengan baik.,2026-10-05 04:39:02,2026-10-05 04:39:02
15,ina20260930subpku000000000000005,t,Gratis ongkir dan paket diterima dengan aman.,2026-10-05 04:39:03,2026-10-05 04:39:03
16,ina20260924smgpdg000000000000006,t,,2026-10-05 04:39:03,2026-10-05 04:39:03
17,ina20260922mlgbjm000000000000007,t,Tiba tepat waktu sesuai estimasi.,2026-10-05 04:39:04,2026-10-05 04:39:04
18,ina20260928pkupnk000000000000008,f,Dibatalkan tanpa pemberitahuan sebelumnya.,2026-10-05 04:39:04,2026-10-05 04:39:04
19,ina20260923pdgmdc000000000000009,f,Stok kosong sehingga pesanan tidak bisa diproses.,2026-10-05 04:39:05,2026-10-05 04:39:05
20,ina20260925bpnbth000000000000010,f,Kendala kendaraan membuat paket tertunda lama.,2026-10-05 04:39:05,2026-10-05 04:39:05
21,ina20260930bjmsoc000000000000011,t,,2026-10-05 04:39:06,2026-10-05 04:39:06
22,ina20260920pnkcbn000000000000012,t,Sampai lebih awal dari perkiraan.,2026-10-05 04:39:06,2026-10-05 04:39:06
23,ina20261002mdcbog000000000000013,t,"Tiga paket diproses bersamaan, cukup efisien.",2026-10-05 04:39:07,2026-10-05 04:39:07
24,ina20260929bthdpk000000000000014,f,"Macet 45 menit, mohon estimasi diperbarui.",2026-10-05 04:39:07,2026-10-05 04:39:07
25,ina20261003cbntng000000000000015,t,,2026-10-05 04:39:08,2026-10-05 04:39:08
26,ina20260918bogbks000000000000016,f,Terlambat tiga hari karena cuaca buruk.,2026-10-05 04:39:09,2026-10-05 04:39:09
