order_id,customer_id,order_status,order_purchase_timestamp,order_approved_at,order_delivered_carrier_date,order_delivered_customer_date,order_estimated_delivery_date,created_at,updated_at
00010242fe8c5a6d1ba2dd792cb16214,cust-demo-001,in_transit,2017-09-20 12:00:00+00,2017-09-20 13:00:00+00,2017-09-21 11:00:00+00,,2017-09-28,2026-10-01 02:53:12.638353+00,2026-10-05 04:37:21.738828+00
0008288aa423d2a3f00fcb17cd7d8719,cust-demo-002,in_transit,2017-09-19 14:00:00+00,2017-09-19 15:00:00+00,2017-09-20 10:00:00+00,,2017-09-25,2026-10-01 02:53:12.638353+00,2026-10-05 04:37:21.738828+00
11111111111111111111111111111111,cust-demo-003,delivered,2017-09-20 12:00:00+00,2017-09-20 13:00:00+00,2017-09-21 11:00:00+00,2017-09-25 17:20:00+00,2017-09-28,2026-10-01 02:53:12.638353+00,2026-10-05 04:37:21.738828+00
22222222222222222222222222222222,cust-demo-002,canceled,2017-09-22 12:00:00+00,,,,2017-09-29,2026-10-01 02:53:12.638353+00,2026-10-05 04:37:21.738828+00
33333333333333333333333333333333,cust-demo-004,created,2026-10-01 02:15:00+00,,,,2026-10-08,2026-10-05 04:37:21.738828+00,2026-10-05 04:37:21.738828+00
44444444444444444444444444444444,cust-demo-005,processing,2026-09-30 03:00:00+00,2026-09-30 03:20:00+00,,,2026-10-07,2026-10-05 04:37:21.738828+00,2026-10-05 04:37:21.738828+00
55555555555555555555555555555555,cust-demo-006,delivered,2026-09-26 01:30:00+00,2026-09-26 01:45:00+00,2026-09-26 09:00:00+00,2026-09-28 07:45:00+00,2026-09-28,2026-10-05 04:37:21.738828+00,2026-10-05 04:37:21.738828+00
66666666666666666666666666666666,cust-demo-007,in_transit,2026-09-29 00:45:00+00,2026-09-29 01:00:00+00,2026-09-29 08:30:00+00,,2026-10-06,2026-10-05 04:37:21.738828+00,2026-10-05 04:37:21.738828+00
77777777777777777777777777777777,cust-demo-008,canceled,2026-09-27 04:20:00+00,,,,2026-10-04,2026-10-05 04:37:21.738828+00,2026-10-05 04:37:21.738828+00
88888888888888888888888888888888,cust-demo-009,shipped,2026-09-25 02:00:00+00,2026-09-25 02:30:00+00,2026-09-26 00:15:00+00,,2026-10-02,2026-10-05 04:37:21.738828+00,2026-10-05 04:37:21.738828+00
ina20260918bogbks000000000000016,cust-demo-025,delivered,2026-09-18 03:00:00+00,2026-09-18 03:20:00+00,2026-09-19 01:30:00+00,2026-09-27 08:40:00+00,2026-09-24,2026-10-05 04:37:21.738828+00,2026-10-05 04:37:21.738828+00
ina20260920pnkcbn000000000000012,cust-demo-021,delivered,2026-09-20 01:15:00+00,2026-09-20 01:35:00+00,2026-09-21 00:40:00+00,2026-09-24 06:10:00+00,2026-09-25,2026-10-05 04:37:21.738828+00,2026-10-05 04:37:21.738828+00
ina20260922mlgbjm000000000000007,cust-demo-016,delivered,2026-09-22 02:30:00+00,2026-09-22 02:50:00+00,2026-09-23 01:10:00+00,2026-09-26 09:05:00+00,2026-09-26,2026-10-05 04:37:21.738828+00,2026-10-05 04:37:21.738828+00
ina20260923pdgmdc000000000000009,cust-demo-018,unavailable,2026-09-23 05:00:00+00,2026-09-23 05:30:00+00,,,2026-09-30,2026-10-05 04:37:21.738828+00,2026-10-05 04:37:21.738828+00
ina20260924smgpdg000000000000006,cust-demo-015,delivered,2026-09-24 01:00:00+00,2026-09-24 01:15:00+00,2026-09-24 10:00:00+00,2026-09-26 04:20:00+00,2026-09-29,2026-10-05 04:37:21.738828+00,2026-10-05 04:37:21.738828+00
ina20260925bpnbth000000000000010,cust-demo-019,shipped,2026-09-25 00:00:00+00,2026-09-25 00:20:00+00,2026-09-25 23:00:00+00,,2026-10-02,2026-10-05 04:37:21.738828+00,2026-10-05 04:37:21.738828+00
ina20260926plmmlg000000000000004,cust-demo-013,in_transit,2026-09-26 08:30:00+00,2026-09-26 08:45:00+00,2026-09-27 01:00:00+00,,2026-10-03,2026-10-05 04:37:21.738828+00,2026-10-05 04:37:21.738828+00
ina20260927mdnbpn000000000000003,cust-demo-012,in_transit,2026-09-27 02:05:00+00,2026-09-27 02:20:00+00,2026-09-27 23:50:00+00,,2026-10-04,2026-10-05 04:37:21.738828+00,2026-10-05 04:37:21.738828+00
ina20260928cgkbdo000000000000001,cust-demo-010,approved,2026-09-28 01:10:00+00,2026-09-28 01:25:00+00,,,2026-10-05,2026-10-05 04:37:21.738828+00,2026-10-05 04:37:21.738828+00
ina20260928pkupnk000000000000008,cust-demo-017,canceled,2026-09-28 12:20:00+00,,,,2026-10-05,2026-10-05 04:37:21.738828+00,2026-10-05 04:37:21.738828+00
ina20260929bksupg000000000000002,cust-demo-011,processing,2026-09-29 06:40:00+00,2026-09-29 07:00:00+00,,,2026-10-06,2026-10-05 04:37:21.738828+00,2026-10-05 04:37:21.738828+00
ina20260929bthdpk000000000000014,cust-demo-023,in_transit,2026-09-29 04:25:00+00,2026-09-29 04:40:00+00,2026-09-30 00:05:00+00,,2026-10-06,2026-10-05 04:37:21.738828+00,2026-10-05 04:37:21.738828+00
ina20260930bjmsoc000000000000011,cust-demo-020,in_transit,2026-09-30 09:45:00+00,2026-09-30 10:00:00+00,2026-10-01 02:20:00+00,,2026-10-08,2026-10-05 04:37:21.738828+00,2026-10-05 04:37:21.738828+00
ina20260930subpku000000000000005,cust-demo-014,in_transit,2026-09-30 03:10:00+00,2026-09-30 03:25:00+00,2026-10-01 00:30:00+00,,2026-10-07,2026-10-05 04:37:21.738828+00,2026-10-05 04:37:21.738828+00
ina20261002mdcbog000000000000013,cust-demo-022,processing,2026-10-02 02:50:00+00,2026-10-02 03:05:00+00,,,2026-10-09,2026-10-05 04:37:21.738828+00,2026-10-05 04:37:21.738828+00
ina20261003cbntng000000000000015,cust-demo-024,created,2026-10-03 01:05:00+00,,,,2026-10-10,2026-10-05 04:37:21.738828+00,2026-10-05 04:37:21.738828+00
