order_id,order_item_id,seller_id,price,freight_value,created_at
00010242fe8c5a6d1ba2dd792cb16214,1,seller-demo-001,125000.00,15000.00,2026-10-01 02:54:15.26189+00
0008288aa423d2a3f00fcb17cd7d8719,1,seller-demo-002,250000.00,0.00,2026-10-01 02:54:15.26189+00
11111111111111111111111111111111,1,seller-demo-001,75000.00,10000.00,2026-10-01 02:54:15.26189+00
22222222222222222222222222222222,1,seller-demo-002,50000.00,8000.00,2026-10-01 02:54:15.26189+00
33333333333333333333333333333333,1,seller-demo-003,189000.00,18000.00,2026-10-05 04:37:21.738828+00
44444444444444444444444444444444,1,seller-demo-004,245000.00,22000.00,2026-10-05 04:37:21.738828+00
44444444444444444444444444444444,2,seller-demo-004,99000.00,0.00,2026-10-05 04:37:21.738828+00
55555555555555555555555555555555,1,seller-demo-005,315000.00,25000.00,2026-10-05 04:37:21.738828+00
66666666666666666666666666666666,1,seller-demo-006,450000.00,0.00,2026-10-05 04:37:21.738828+00
66666666666666666666666666666666,2,seller-demo-006,125000.00,15000.00,2026-10-05 04:37:21.738828+00
66666666666666666666666666666666,3,seller-demo-026,89000.00,12000.00,2026-10-05 04:37:21.738828+00
77777777777777777777777777777777,1,seller-demo-007,175000.00,16000.00,2026-10-05 04:37:21.738828+00
88888888888888888888888888888888,1,seller-demo-008,520000.00,30000.00,2026-10-05 04:37:21.738828+00
88888888888888888888888888888888,2,seller-demo-008,65000.00,0.00,2026-10-05 04:37:21.738828+00
ina20260918bogbks000000000000016,1,seller-demo-024,398000.00,33000.00,2026-10-05 04:37:21.738828+00
ina20260918bogbks000000000000016,2,seller-demo-024,84000.00,0.00,2026-10-05 04:37:21.738828+00
ina20260920pnkcbn000000000000012,1,seller-demo-020,128000.00,17000.00,2026-10-05 04:37:21.738828+00
ina20260922mlgbjm000000000000007,1,seller-demo-015,143000.00,19000.00,2026-10-05 04:37:21.738828+00
ina20260922mlgbjm000000000000007,2,seller-demo-015,58000.00,0.00,2026-10-05 04:37:21.738828+00
ina20260923pdgmdc000000000000009,1,seller-demo-017,340000.00,26000.00,2026-10-05 04:37:21.738828+00
ina20260924smgpdg000000000000006,1,seller-demo-014,367000.00,21000.00,2026-10-05 04:37:21.738828+00
ina20260925bpnbth000000000000010,1,seller-demo-018,610000.00,35000.00,2026-10-05 04:37:21.738828+00
ina20260926plmmlg000000000000004,1,seller-demo-012,289000.00,31000.00,2026-10-05 04:37:21.738828+00
ina20260926plmmlg000000000000004,2,seller-demo-012,112000.00,0.00,2026-10-05 04:37:21.738828+00
ina20260927mdnbpn000000000000003,1,seller-demo-011,156000.00,27000.00,2026-10-05 04:37:21.738828+00
ina20260928cgkbdo000000000000001,1,seller-demo-009,230000.00,20000.00,2026-10-05 04:37:21.738828+00
ina20260928pkupnk000000000000008,1,seller-demo-016,275000.00,23000.00,2026-10-05 04:37:21.738828+00
ina20260929bksupg000000000000002,1,seller-demo-010,410000.00,24000.00,2026-10-05 04:37:21.738828+00
ina20260929bksupg000000000000002,2,seller-demo-010,78000.00,0.00,2026-10-05 04:37:21.738828+00
ina20260929bthdpk000000000000014,1,seller-demo-022,205000.00,24000.00,2026-10-05 04:37:21.738828+00
ina20260930bjmsoc000000000000011,1,seller-demo-019,168000.00,20000.00,2026-10-05 04:37:21.738828+00
ina20260930bjmsoc000000000000011,2,seller-demo-025,94000.00,11000.00,2026-10-05 04:37:21.738828+00
ina20260930subpku000000000000005,1,seller-demo-013,199000.00,0.00,2026-10-05 04:37:21.738828+00
ina20261002mdcbog000000000000013,1,seller-demo-021,455000.00,28000.00,2026-10-05 04:37:21.738828+00
ina20261002mdcbog000000000000013,2,seller-demo-021,132000.00,0.00,2026-10-05 04:37:21.738828+00
ina20261002mdcbog000000000000013,3,seller-demo-026,71000.00,9000.00,2026-10-05 04:37:21.738828+00
ina20261003cbntng000000000000015,1,seller-demo-023,187000.00,15000.00,2026-10-05 04:37:21.738828+00
