seller_id,seller_city,seller_state,created_at,updated_at
seller-demo-001,Volta Redonda,RJ,2026-10-01 02:53:12.638353+00,2026-10-01 02:53:12.638353+00
seller-demo-002,Rio de Janeiro,RJ,2026-10-01 02:53:12.638353+00,2026-10-01 02:53:12.638353+00
seller-demo-003,Jakarta Pusat,JK,2026-10-05 04:37:21.738828+00,2026-10-05 04:37:21.738828+00
seller-demo-004,Tangerang,BT,2026-10-05 04:37:21.738828+00,2026-10-05 04:37:21.738828+00
seller-demo-005,Bandung,JB,2026-10-05 04:37:21.738828+00,2026-10-05 04:37:21.738828+00
seller-demo-006,Surabaya,JI,2026-10-05 04:37:21.738828+00,2026-10-05 04:37:21.738828+00
seller-demo-007,Semarang,JT,2026-10-05 04:37:21.738828+00,2026-10-05 04:37:21.738828+00
seller-demo-008,Yogyakarta,YO,2026-10-05 04:37:21.738828+00,2026-10-05 04:37:21.738828+00
seller-demo-009,Jakarta Selatan,JK,2026-10-05 04:37:21.738828+00,2026-10-05 04:37:21.738828+00
seller-demo-010,Bekasi,JB,2026-10-05 04:37:21.738828+00,2026-10-05 04:37:21.738828+00
seller-demo-011,Medan,SU,2026-10-05 04:37:21.738828+00,2026-10-05 04:37:21.738828+00
seller-demo-012,Palembang,SS,2026-10-05 04:37:21.738828+00,2026-10-05 04:37:21.738828+00
seller-demo-013,Surabaya,JI,2026-10-05 04:37:21.738828+00,2026-10-05 04:37:21.738828+00
seller-demo-014,Semarang,JT,2026-10-05 04:37:21.738828+00,2026-10-05 04:37:21.738828+00
seller-demo-015,Malang,JI,2026-10-05 04:37:21.738828+00,2026-10-05 04:37:21.738828+00
seller-demo-016,Pekanbaru,RI,2026-10-05 04:37:21.738828+00,2026-10-05 04:37:21.738828+00
seller-demo-017,Padang,SB,2026-10-05 04:37:21.738828+00,2026-10-05 04:37:21.738828+00
seller-demo-018,Balikpapan,KI,2026-10-05 04:37:21.738828+00,2026-10-05 04:37:21.738828+00
seller-demo-019,Banjarmasin,KS,2026-10-05 04:37:21.738828+00,2026-10-05 04:37:21.738828+00
seller-demo-020,Pontianak,KB,2026-10-05 04:37:21.738828+00,2026-10-05 04:37:21.738828+00
seller-demo-021,Manado,SA,2026-10-05 04:37:21.738828+00,2026-10-05 04:37:21.738828+00
seller-demo-022,Batam,KR,2026-10-05 04:37:21.738828+00,2026-10-05 04:37:21.738828+00
seller-demo-023,Cirebon,JB,2026-10-05 04:37:21.738828+00,2026-10-05 04:37:21.738828+00
seller-demo-024,Bogor,JB,2026-10-05 04:37:21.738828+00,2026-10-05 04:37:21.738828+00
seller-demo-025,Depok,JB,2026-10-05 04:37:21.738828+00,2026-10-05 04:37:21.738828+00
seller-demo-026,Denpasar,BA,2026-10-05 04:37:21.738828+00,2026-10-05 04:37:21.738828+00
