id,tracking_number,weight_kg,status,courier_id,created_at,updated_at
1,00010242fe8c5a6d1ba2dd792cb16214,2.50,in_transit,1,2026-10-04 16:26:27,2026-10-04 16:26:27
2,0008288aa423d2a3f00fcb17cd7d8719,1.25,in_transit,2,2026-10-04 16:26:28,2026-10-04 16:26:28
3,11111111111111111111111111111111,0.75,delivered,3,2026-10-04 16:26:29,2026-10-04 16:26:29
4,22222222222222222222222222222222,4.00,canceled,1,2026-10-04 16:26:30,2026-10-04 16:26:30
5,33333333333333333333333333333333,0.30,created,1,2026-10-05 03:56:24,2026-10-05 03:56:24
6,44444444444444444444444444444444,3.20,processing,2,2026-10-05 03:56:25,2026-10-05 03:56:25
7,55555555555555555555555555555555,0.10,delivered,3,2026-10-05 03:56:26,2026-10-05 03:56:26
8,66666666666666666666666666666666,10.50,in_transit,1,2026-10-05 03:56:27,2026-10-05 03:56:27
9,77777777777777777777777777777777,1.90,canceled,2,2026-10-05 03:56:28,2026-10-05 03:56:28
10,88888888888888888888888888888888,6.75,shipped,3,2026-10-05 03:56:29,2026-10-05 03:56:29
11,ina20260928cgkbdo000000000000001,1.40,approved,4,2026-10-05 04:38:42,2026-10-05 04:38:42
12,ina20260929bksupg000000000000002,2.80,processing,5,2026-10-05 04:38:43,2026-10-05 04:38:43
13,ina20260927mdnbpn000000000000003,12.25,in_transit,6,2026-10-05 04:38:44,2026-10-05 04:38:44
14,ina20260926plmmlg000000000000004,0.85,in_transit,7,2026-10-05 04:38:44,2026-10-05 04:38:44
15,ina20260930subpku000000000000005,5.60,in_transit,8,2026-10-05 04:38:45,2026-10-05 04:38:45
16,ina20260924smgpdg000000000000006,2.10,delivered,9,2026-10-05 04:38:46,2026-10-05 04:38:46
17,ina20260922mlgbjm000000000000007,7.35,delivered,10,2026-10-05 04:38:47,2026-10-05 04:38:47
18,ina20260928pkupnk000000000000008,3.75,canceled,11,2026-10-05 04:38:48,2026-10-05 04:38:48
19,ina20260923pdgmdc000000000000009,0.45,unavailable,12,2026-10-05 04:38:48,2026-10-05 04:38:48
20,ina20260925bpnbth000000000000010,15.20,shipped,13,2026-10-05 04:38:49,2026-10-05 04:38:49
21,ina20260930bjmsoc000000000000011,4.55,in_transit,14,2026-10-05 04:38:50,2026-10-05 04:38:50
22,ina20260920pnkcbn000000000000012,1.05,delivered,15,2026-10-05 04:38:51,2026-10-05 04:38:51
23,ina20261002mdcbog000000000000013,9.80,processing,16,2026-10-05 04:38:52,2026-10-05 04:38:52
24,ina20260929bthdpk000000000000014,2.65,in_transit,17,2026-10-05 04:38:52,2026-10-05 04:38:52
25,ina20261003cbntng000000000000015,0.20,created,18,2026-10-05 04:38:53,2026-10-05 04:38:53
26,ina20260918bogbks000000000000016,3.40,delivered,19,2026-10-05 04:38:54,2026-10-05 04:38:54
