context_id,order_id,logistics_delay_reason,traffic_status,waiting_time_minutes,observed_at,created_at,updated_at
1,00010242fe8c5a6d1ba2dd792cb16214,None,Clear,0,2017-09-23 12:00:00+00,2026-10-01 02:54:15.26189+00,2026-10-05 04:37:21.738828+00
2,0008288aa423d2a3f00fcb17cd7d8719,Traffic Jam,Heavy,45,2017-09-23 12:00:00+00,2026-10-01 02:54:15.26189+00,2026-10-05 04:37:21.738828+00
3,11111111111111111111111111111111,None,Clear,0,2017-09-25 17:20:00+00,2026-10-01 02:54:15.26189+00,2026-10-05 04:37:21.738828+00
4,22222222222222222222222222222222,None,Clear,0,2017-09-22 12:00:00+00,2026-10-01 02:54:15.26189+00,2026-10-05 04:37:21.738828+00
9,33333333333333333333333333333333,None,Clear,0,2026-10-01 02:15:00+00,2026-10-05 04:37:21.738828+00,2026-10-05 04:37:21.738828+00
10,44444444444444444444444444444444,None,Clear,0,2026-09-30 03:20:00+00,2026-10-05 04:37:21.738828+00,2026-10-05 04:37:21.738828+00
11,55555555555555555555555555555555,None,Clear,0,2026-09-28 07:45:00+00,2026-10-05 04:37:21.738828+00,2026-10-05 04:37:21.738828+00
12,66666666666666666666666666666666,None,Clear,0,2026-09-29 08:30:00+00,2026-10-05 04:37:21.738828+00,2026-10-05 04:37:21.738828+00
13,77777777777777777777777777777777,None,Clear,0,2026-09-27 04:30:00+00,2026-10-05 04:37:21.738828+00,2026-10-05 04:37:21.738828+00
14,88888888888888888888888888888888,Traffic Jam,Moderate,20,2026-09-26 00:15:00+00,2026-10-05 04:37:21.738828+00,2026-10-05 04:37:21.738828+00
15,ina20260928cgkbdo000000000000001,None,Clear,0,2026-09-28 01:25:00+00,2026-10-05 04:37:21.738828+00,2026-10-05 04:37:21.738828+00
16,ina20260929bksupg000000000000002,None,Clear,0,2026-09-29 07:00:00+00,2026-10-05 04:37:21.738828+00,2026-10-05 04:37:21.738828+00
17,ina20260927mdnbpn000000000000003,Weather,Heavy,90,2026-09-27 23:50:00+00,2026-10-05 04:37:21.738828+00,2026-10-05 04:37:21.738828+00
18,ina20260926plmmlg000000000000004,Road Closure,Detour,35,2026-09-27 01:00:00+00,2026-10-05 04:37:21.738828+00,2026-10-05 04:37:21.738828+00
19,ina20260930subpku000000000000005,None,Clear,0,2026-10-01 00:30:00+00,2026-10-05 04:37:21.738828+00,2026-10-05 04:37:21.738828+00
20,ina20260924smgpdg000000000000006,None,Clear,0,2026-09-26 04:20:00+00,2026-10-05 04:37:21.738828+00,2026-10-05 04:37:21.738828+00
21,ina20260922mlgbjm000000000000007,None,Moderate,15,2026-09-26 09:05:00+00,2026-10-05 04:37:21.738828+00,2026-10-05 04:37:21.738828+00
22,ina20260928pkupnk000000000000008,None,Clear,0,2026-09-28 12:25:00+00,2026-10-05 04:37:21.738828+00,2026-10-05 04:37:21.738828+00
23,ina20260923pdgmdc000000000000009,None,Unknown,0,2026-09-23 05:30:00+00,2026-10-05 04:37:21.738828+00,2026-10-05 04:37:21.738828+00
24,ina20260925bpnbth000000000000010,Mechanical Failure,Heavy,60,2026-09-25 23:00:00+00,2026-10-05 04:37:21.738828+00,2026-10-05 04:37:21.738828+00
25,ina20260930bjmsoc000000000000011,None,Clear,0,2026-10-01 02:20:00+00,2026-10-05 04:37:21.738828+00,2026-10-05 04:37:21.738828+00
26,ina20260920pnkcbn000000000000012,None,Clear,0,2026-09-24 06:10:00+00,2026-10-05 04:37:21.738828+00,2026-10-05 04:37:21.738828+00
27,ina20261002mdcbog000000000000013,None,Clear,0,2026-10-02 03:05:00+00,2026-10-05 04:37:21.738828+00,2026-10-05 04:37:21.738828+00
28,ina20260929bthdpk000000000000014,Traffic Jam,Heavy,45,2026-09-30 00:05:00+00,2026-10-05 04:37:21.738828+00,2026-10-05 04:37:21.738828+00
29,ina20261003cbntng000000000000015,None,Clear,0,2026-10-03 01:05:00+00,2026-10-05 04:37:21.738828+00,2026-10-05 04:37:21.738828+00
30,ina20260918bogbks000000000000016,Weather,Moderate,30,2026-09-27 08:40:00+00,2026-10-05 04:37:21.738828+00,2026-10-05 04:37:21.738828+00
