event_id,order_id,event_code,milestone_stage,description,facility_name,event_at,created_at
1,00010242fe8c5a6d1ba2dd792cb16214,ORDER_CREATED,ORDER_CREATED,Pesanan dibuat,Volta Redonda,2017-09-20 12:00:00+00,2026-10-01 02:54:35.763873+00
2,00010242fe8c5a6d1ba2dd792cb16214,PICKUP_READY,PICKUP_READY,Paket diterima kurir,Hub Volta Redonda,2017-09-21 11:00:00+00,2026-10-01 02:54:35.763873+00
3,00010242fe8c5a6d1ba2dd792cb16214,IN_TRANSIT_HUB,IN_TRANSIT,Paket bergerak ke hub tujuan,Hub Rio de Janeiro,2017-09-22 19:30:00+00,2026-10-01 02:54:35.763873+00
4,0008288aa423d2a3f00fcb17cd7d8719,ORDER_CREATED,ORDER_CREATED,Pesanan dibuat,Rio de Janeiro,2017-09-19 14:00:00+00,2026-10-01 02:54:35.763873+00
5,0008288aa423d2a3f00fcb17cd7d8719,PICKUP_READY,PICKUP_READY,Paket diterima kurir,Hub Rio de Janeiro,2017-09-20 10:00:00+00,2026-10-01 02:54:35.763873+00
6,0008288aa423d2a3f00fcb17cd7d8719,TRAFFIC_DELAY,IN_TRANSIT,Perjalanan tertunda karena lalu lintas padat,Jalur Niteroi,2017-09-23 12:00:00+00,2026-10-01 02:54:35.763873+00
7,11111111111111111111111111111111,ORDER_CREATED,ORDER_CREATED,Pesanan dibuat,Volta Redonda,2017-09-20 12:00:00+00,2026-10-01 02:54:35.763873+00
8,11111111111111111111111111111111,PICKUP_READY,PICKUP_READY,Paket diterima kurir,Hub Volta Redonda,2017-09-21 11:00:00+00,2026-10-01 02:54:35.763873+00
9,11111111111111111111111111111111,DELIVERED,DELIVERED,Paket diterima pelanggan,Sao Paulo,2017-09-25 17:20:00+00,2026-10-01 02:54:35.763873+00
10,22222222222222222222222222222222,ORDER_CREATED,ORDER_CREATED,Pesanan dibuat,Rio de Janeiro,2017-09-22 12:00:00+00,2026-10-01 02:54:35.763873+00
11,22222222222222222222222222222222,CANCELED,CANCELED,Pengiriman dibatalkan,,2017-09-22 13:00:00+00,2026-10-01 02:54:35.763873+00
23,33333333333333333333333333333333,ORDER_CREATED,ORDER_CREATED,Pesanan dibuat dan menunggu konfirmasi penjual,Jakarta Pusat,2026-10-01 02:15:00+00,2026-10-05 04:37:21.738828+00
24,44444444444444444444444444444444,ORDER_CREATED,ORDER_CREATED,Pesanan dibuat,Tangerang,2026-09-30 03:00:00+00,2026-10-05 04:37:21.738828+00
25,44444444444444444444444444444444,MANIFESTED,PICKUP_READY,"Paket sudah dicatat, menunggu diambil kurir",Hub Tangerang,2026-09-30 07:30:00+00,2026-10-05 04:37:21.738828+00
26,55555555555555555555555555555555,ORDER_CREATED,ORDER_CREATED,Pesanan dibuat,Bandung,2026-09-26 01:30:00+00,2026-10-05 04:37:21.738828+00
27,55555555555555555555555555555555,PICKUP_READY,PICKUP_READY,Paket diterima kurir,Hub Bandung,2026-09-26 09:00:00+00,2026-10-05 04:37:21.738828+00
28,55555555555555555555555555555555,IN_TRANSIT_HUB,IN_TRANSIT,Paket bergerak ke hub tujuan,Hub Surabaya,2026-09-27 01:30:00+00,2026-10-05 04:37:21.738828+00
29,55555555555555555555555555555555,DELIVERED,DELIVERED,Paket diterima pelanggan,Surabaya,2026-09-28 07:45:00+00,2026-10-05 04:37:21.738828+00
30,66666666666666666666666666666666,ORDER_CREATED,ORDER_CREATED,Pesanan dibuat,Surabaya,2026-09-29 00:45:00+00,2026-10-05 04:37:21.738828+00
31,66666666666666666666666666666666,PICKUP_READY,PICKUP_READY,Paket diterima kurir,Hub Surabaya,2026-09-29 08:30:00+00,2026-10-05 04:37:21.738828+00
32,66666666666666666666666666666666,IN_TRANSIT_HUB,IN_TRANSIT,Paket bergerak ke hub tujuan,Hub Semarang,2026-09-30 02:15:00+00,2026-10-05 04:37:21.738828+00
33,77777777777777777777777777777777,ORDER_CREATED,ORDER_CREATED,Pesanan dibuat,Semarang,2026-09-27 04:20:00+00,2026-10-05 04:37:21.738828+00
34,77777777777777777777777777777777,CANCELED,CANCELED,Pengiriman dibatalkan sebelum paket dijemput kurir,,2026-09-27 06:05:00+00,2026-10-05 04:37:21.738828+00
35,88888888888888888888888888888888,ORDER_CREATED,ORDER_CREATED,Pesanan dibuat,Yogyakarta,2026-09-25 02:00:00+00,2026-10-05 04:37:21.738828+00
36,88888888888888888888888888888888,PICKUP_READY,PICKUP_READY,Paket diterima kurir,Hub Yogyakarta,2026-09-26 00:15:00+00,2026-10-05 04:37:21.738828+00
37,88888888888888888888888888888888,IN_TRANSIT_HUB,IN_TRANSIT,Paket bergerak ke hub tujuan,Hub Palembang,2026-09-26 11:40:00+00,2026-10-05 04:37:21.738828+00
38,ina20260928cgkbdo000000000000001,ORDER_CREATED,ORDER_CREATED,Pesanan dibuat,Jakarta Selatan,2026-09-28 01:10:00+00,2026-10-05 04:37:21.738828+00
39,ina20260928cgkbdo000000000000001,ORDER_APPROVED,,Pesanan disetujui penjual,Jakarta Selatan,2026-09-28 01:25:00+00,2026-10-05 04:37:21.738828+00
40,ina20260929bksupg000000000000002,ORDER_CREATED,ORDER_CREATED,Pesanan dibuat,Bekasi,2026-09-29 06:40:00+00,2026-10-05 04:37:21.738828+00
41,ina20260929bksupg000000000000002,ORDER_APPROVED,,Pesanan disetujui penjual,Bekasi,2026-09-29 07:00:00+00,2026-10-05 04:37:21.738828+00
42,ina20260929bksupg000000000000002,MANIFESTED,PICKUP_READY,"Paket sudah dicatat, menunggu diambil kurir",Hub Bekasi,2026-09-29 10:20:00+00,2026-10-05 04:37:21.738828+00
43,ina20260927mdnbpn000000000000003,ORDER_CREATED,ORDER_CREATED,Pesanan dibuat,Medan,2026-09-27 02:05:00+00,2026-10-05 04:37:21.738828+00
44,ina20260927mdnbpn000000000000003,ORDER_APPROVED,,Pesanan disetujui penjual,Medan,2026-09-27 02:20:00+00,2026-10-05 04:37:21.738828+00
45,ina20260927mdnbpn000000000000003,PICKUP_READY,PICKUP_READY,Paket diterima kurir,Hub Medan,2026-09-27 23:50:00+00,2026-10-05 04:37:21.738828+00
46,ina20260927mdnbpn000000000000003,WEATHER_DELAY,IN_TRANSIT,Perjalanan tertunda karena cuaca buruk,Jalur Balikpapan,2026-09-28 08:30:00+00,2026-10-05 04:37:21.738828+00
47,ina20260926plmmlg000000000000004,ORDER_CREATED,ORDER_CREATED,Pesanan dibuat,Palembang,2026-09-26 08:30:00+00,2026-10-05 04:37:21.738828+00
48,ina20260926plmmlg000000000000004,ORDER_APPROVED,,Pesanan disetujui penjual,Palembang,2026-09-26 08:45:00+00,2026-10-05 04:37:21.738828+00
49,ina20260926plmmlg000000000000004,PICKUP_READY,PICKUP_READY,Paket diterima kurir,Hub Palembang,2026-09-27 01:00:00+00,2026-10-05 04:37:21.738828+00
50,ina20260926plmmlg000000000000004,ROUTE_DETOUR,IN_TRANSIT,Rute dialihkan karena penutupan jalan,Jalur Malang,2026-09-27 12:25:00+00,2026-10-05 04:37:21.738828+00
51,ina20260930subpku000000000000005,ORDER_CREATED,ORDER_CREATED,Pesanan dibuat,Surabaya,2026-09-30 03:10:00+00,2026-10-05 04:37:21.738828+00
52,ina20260930subpku000000000000005,PICKUP_READY,PICKUP_READY,Paket diterima kurir,Hub Surabaya,2026-10-01 00:30:00+00,2026-10-05 04:37:21.738828+00
53,ina20260930subpku000000000000005,IN_TRANSIT_HUB,IN_TRANSIT,Paket bergerak ke hub tujuan,Hub Pekanbaru,2026-10-01 13:10:00+00,2026-10-05 04:37:21.738828+00
54,ina20260924smgpdg000000000000006,ORDER_CREATED,ORDER_CREATED,Pesanan dibuat,Semarang,2026-09-24 01:00:00+00,2026-10-05 04:37:21.738828+00
55,ina20260924smgpdg000000000000006,PICKUP_READY,PICKUP_READY,Paket diterima kurir,Hub Semarang,2026-09-24 10:00:00+00,2026-10-05 04:37:21.738828+00
56,ina20260924smgpdg000000000000006,IN_TRANSIT_HUB,IN_TRANSIT,Paket bergerak ke hub tujuan,Hub Padang,2026-09-25 02:40:00+00,2026-10-05 04:37:21.738828+00
57,ina20260924smgpdg000000000000006,DELIVERED,DELIVERED,Paket diterima pelanggan,Padang,2026-09-26 04:20:00+00,2026-10-05 04:37:21.738828+00
58,ina20260922mlgbjm000000000000007,ORDER_CREATED,ORDER_CREATED,Pesanan dibuat,Malang,2026-09-22 02:30:00+00,2026-10-05 04:37:21.738828+00
59,ina20260922mlgbjm000000000000007,PICKUP_READY,PICKUP_READY,Paket diterima kurir,Hub Malang,2026-09-23 01:10:00+00,2026-10-05 04:37:21.738828+00
60,ina20260922mlgbjm000000000000007,IN_TRANSIT_HUB,IN_TRANSIT,Paket bergerak ke hub tujuan,Hub Surabaya,2026-09-24 00:50:00+00,2026-10-05 04:37:21.738828+00
61,ina20260922mlgbjm000000000000007,ARRIVED_AT_HUB,IN_TRANSIT,Paket tiba di gudang sortir tujuan,Hub Banjarmasin,2026-09-25 09:30:00+00,2026-10-05 04:37:21.738828+00
62,ina20260922mlgbjm000000000000007,DELIVERED,DELIVERED,Paket diterima pelanggan,Banjarmasin,2026-09-26 09:05:00+00,2026-10-05 04:37:21.738828+00
63,ina20260928pkupnk000000000000008,ORDER_CREATED,ORDER_CREATED,Pesanan dibuat,Pekanbaru,2026-09-28 12:20:00+00,2026-10-05 04:37:21.738828+00
64,ina20260928pkupnk000000000000008,CANCELED,CANCELED,Pesanan dibatalkan atas permintaan pembeli,,2026-09-28 13:10:00+00,2026-10-05 04:37:21.738828+00
65,ina20260923pdgmdc000000000000009,ORDER_CREATED,ORDER_CREATED,Pesanan dibuat,Padang,2026-09-23 05:00:00+00,2026-10-05 04:37:21.738828+00
66,ina20260923pdgmdc000000000000009,ORDER_APPROVED,,Pesanan disetujui penjual,Padang,2026-09-23 05:30:00+00,2026-10-05 04:37:21.738828+00
67,ina20260923pdgmdc000000000000009,STOCK_UNAVAILABLE,,Pesanan tidak dapat diproses karena stok barang tidak tersedia,Padang,2026-09-23 09:45:00+00,2026-10-05 04:37:21.738828+00
68,ina20260925bpnbth000000000000010,ORDER_CREATED,ORDER_CREATED,Pesanan dibuat,Balikpapan,2026-09-25 00:00:00+00,2026-10-05 04:37:21.738828+00
69,ina20260925bpnbth000000000000010,ORDER_APPROVED,,Pesanan disetujui penjual,Balikpapan,2026-09-25 00:20:00+00,2026-10-05 04:37:21.738828+00
70,ina20260925bpnbth000000000000010,PICKUP_READY,PICKUP_READY,Paket diterima kurir,Hub Balikpapan,2026-09-25 23:00:00+00,2026-10-05 04:37:21.738828+00
71,ina20260925bpnbth000000000000010,MECHANICAL_DELAY,IN_TRANSIT,Perjalanan tertunda karena kendala teknis kendaraan,Jalur Batam,2026-09-26 06:30:00+00,2026-10-05 04:37:21.738828+00
72,ina20260930bjmsoc000000000000011,ORDER_CREATED,ORDER_CREATED,Pesanan dibuat,Banjarmasin,2026-09-30 09:45:00+00,2026-10-05 04:37:21.738828+00
73,ina20260930bjmsoc000000000000011,PICKUP_READY,PICKUP_READY,Paket diterima kurir,Hub Banjarmasin,2026-10-01 02:20:00+00,2026-10-05 04:37:21.738828+00
74,ina20260930bjmsoc000000000000011,IN_TRANSIT_HUB,IN_TRANSIT,Paket bergerak ke hub tujuan,Hub Surabaya,2026-10-01 15:05:00+00,2026-10-05 04:37:21.738828+00
75,ina20260920pnkcbn000000000000012,ORDER_CREATED,ORDER_CREATED,Pesanan dibuat,Pontianak,2026-09-20 01:15:00+00,2026-10-05 04:37:21.738828+00
76,ina20260920pnkcbn000000000000012,PICKUP_READY,PICKUP_READY,Paket diterima kurir,Hub Pontianak,2026-09-21 00:40:00+00,2026-10-05 04:37:21.738828+00
77,ina20260920pnkcbn000000000000012,IN_TRANSIT_HUB,IN_TRANSIT,Paket bergerak ke hub tujuan,Hub Jakarta,2026-09-22 03:25:00+00,2026-10-05 04:37:21.738828+00
78,ina20260920pnkcbn000000000000012,DELIVERED,DELIVERED,Paket diterima pelanggan,Cirebon,2026-09-24 06:10:00+00,2026-10-05 04:37:21.738828+00
79,ina20261002mdcbog000000000000013,ORDER_CREATED,ORDER_CREATED,Pesanan dibuat,Manado,2026-10-02 02:50:00+00,2026-10-05 04:37:21.738828+00
80,ina20261002mdcbog000000000000013,ORDER_APPROVED,,Pesanan disetujui penjual,Manado,2026-10-02 03:05:00+00,2026-10-05 04:37:21.738828+00
81,ina20261002mdcbog000000000000013,MANIFESTED,PICKUP_READY,"Paket sudah dicatat, menunggu diambil kurir",Hub Manado,2026-10-02 08:40:00+00,2026-10-05 04:37:21.738828+00
82,ina20260929bthdpk000000000000014,ORDER_CREATED,ORDER_CREATED,Pesanan dibuat,Batam,2026-09-29 04:25:00+00,2026-10-05 04:37:21.738828+00
83,ina20260929bthdpk000000000000014,ORDER_APPROVED,,Pesanan disetujui penjual,Batam,2026-09-29 04:40:00+00,2026-10-05 04:37:21.738828+00
84,ina20260929bthdpk000000000000014,PICKUP_READY,PICKUP_READY,Paket diterima kurir,Hub Batam,2026-09-30 00:05:00+00,2026-10-05 04:37:21.738828+00
85,ina20260929bthdpk000000000000014,TRAFFIC_DELAY,IN_TRANSIT,Perjalanan tertunda karena lalu lintas padat,Jalur Depok,2026-09-30 07:20:00+00,2026-10-05 04:37:21.738828+00
86,ina20261003cbntng000000000000015,ORDER_CREATED,ORDER_CREATED,Pesanan dibuat dan menunggu konfirmasi penjual,Cirebon,2026-10-03 01:05:00+00,2026-10-05 04:37:21.738828+00
87,ina20260918bogbks000000000000016,ORDER_CREATED,ORDER_CREATED,Pesanan dibuat,Bogor,2026-09-18 03:00:00+00,2026-10-05 04:37:21.738828+00
88,ina20260918bogbks000000000000016,ORDER_APPROVED,,Pesanan disetujui penjual,Bogor,2026-09-18 03:20:00+00,2026-10-05 04:37:21.738828+00
89,ina20260918bogbks000000000000016,PICKUP_READY,PICKUP_READY,Paket diterima kurir,Hub Bogor,2026-09-19 01:30:00+00,2026-10-05 04:37:21.738828+00
90,ina20260918bogbks000000000000016,WEATHER_DELAY,IN_TRANSIT,Perjalanan tertunda karena cuaca buruk,Jalur Bekasi,2026-09-20 02:45:00+00,2026-10-05 04:37:21.738828+00
91,ina20260918bogbks000000000000016,DELIVERED,DELIVERED,Paket diterima pelanggan,Bekasi,2026-09-27 08:40:00+00,2026-10-05 04:37:21.738828+00
