waybill_number,ai_title,ai_subtitle,narrative_text,is_fallback,provider,generation_status,generated_at
10006947530309,Satria Assistant,Satria Hendra (Armada Linehaul),Halo Kak! Paketmu saat ini sedang meluncur lancar via Tol Cikampek dengan kecepatan 78 km/jam. Cuaca cerah dan diprediksi tiba sesuai jadwal!,True,gemini,fallback,2026-09-27T14:05:00Z
10009776552803,Sistem Deteksi Rute AI,Algoritma Dynamic ETA,"Pembaruan Rute: Armada Linehaul sedang melintasi Tol Cipularang. Ada hujan rintik-rintik ringan, namun laju armada tetap stabil dan aman.",False,gemini,success,2026-09-27T14:20:00Z
10001298737106,Satria AI Dispatcher,Satria Agus (Kurir Motor),Perhatian: Terjadi kepadatan lalu lintas di area Gatot Subroto karena jam pulang kantor. Kurir Satria sedang mencari jalur alternatif guna meminimalkan delay.,False,gemini,success,2026-09-27T14:35:00Z
10007609857128,Smart Traffic Copilot,Pemantauan Real-time Satria,Kabar baik! Paketmu sudah mendekati pusat kota Jakarta via Bundaran HI. Kondisi jalan sangat lancar dan kurir bersiap menuju checkpoint.,False,gemini,success,2026-09-27T14:50:00Z
10003410529190,Satria Assistant,Satria Bambang (Blind Van),Armada melaju kencang di Tol JORR KM 34. Sistem AI memperkirakan paket akan tiba di Hub transit 15 menit lebih cepat dari estimasi SLA awal.,True,gemini,fallback,2026-09-27T15:05:00Z
10001284277889,Sistem Deteksi Rute AI,Deteksi Hambatan Jalan,Pemberitahuan Hambatan: Terdeteksi genangan air dan perbaikan jalan di Jl. Raya Bekasi. Waktu tunggu bertambah sekitar 40 menit. Kurir tetap berhati-hati membawa paketmu.,False,gemini,success,2026-09-27T15:20:00Z
10008519962896,Satria AI Dispatcher,Satria Dedi (Kurir Last-Mile),Update Terkini: Kurir Satria sedang melintasi Flyover Tebet dengan kecepatan sedang. Paket diperkirakan sampai di tangan penerima sore ini.,False,gemini,success,2026-09-27T15:35:00Z
10008357059814,Satria Assistant,Satria Eko (Linehaul Intercity),Perjalanan Lancar: Linehaul antar-kota berada di KM 38 Jakarta-Cikampek. Tidak ada kendala cuaca maupun hambatan lalu lintas.,False,gemini,success,2026-09-27T15:50:00Z
10003585650756,Smart Traffic Copilot,Estimasi Kedatangan AI,Paketmu sedang dalam rute antar langsung di area Rawamangun. Posisi kurir terpantau 2 km lagi dari titik tujuanmu!,True,gemini,fallback,2026-09-27T16:05:00Z
10009896606039,Sistem Deteksi Rute AI,Peringatan Cuaca Ekstrem,Waspada Cuaca: Hujan lebat disertai kemacetan dilaporkan di sekitar Blok M. Kurir Satria mengambil langkah perlindungan paket ekstra tahan air.,False,gemini,success,2026-09-27T16:20:00Z
10004721519026,Satria Assistant,Satria Gilang (Armada Van),Armada Van Satria bergerak stabil melalui ruas Tol Cimanggis - Cibitung. Semua parameter operasional dalam batas aman.,False,gemini,success,2026-09-27T16:35:00Z
10001540137296,Satria AI Dispatcher,Satria Fajar (Kurir Motor),Kurir sedang menembus kepadatan lokal di Mangga Besar. AI memproyeksikan paketmu akan diterima dalam 30 menit ke depan.,False,gemini,success,2026-09-27T16:50:00Z
courier_id,courier_name,courier_phone,courier_photo_url,vehicle_type,vehicle_plate,created_at
#JKT-88200,Agus Prasetyo,+628112867825,https://images.unsplash.com/photo-1534528741775?auto=format&fit=crop&w=150&q=80,Motorcycle,B 9421 KXP,2026-08-01T08:00:00Z
#JKT-88201,Bambang Pamungkas,+628111419610,https://images.unsplash.com/photo-1534528741776?auto=format&fit=crop&w=150&q=80,Blind Van,B 3102 SXZ,2026-08-02T08:00:00Z
#JKT-88202,Dedi Kurniawan,+628115614226,https://images.unsplash.com/photo-1534528741777?auto=format&fit=crop&w=150&q=80,Linehaul Truck,B 6542 TUV,2026-08-03T08:00:00Z
#JKT-88203,Eko Yulianto,+628115108603,https://images.unsplash.com/photo-1534528741778?auto=format&fit=crop&w=150&q=80,Motorcycle,D 8812 AB,2026-08-04T08:00:00Z
#JKT-88204,Fajar Nugraha,+628114744854,https://images.unsplash.com/photo-1534528741779?auto=format&fit=crop&w=150&q=80,Blind Van,D 4591 ACG,2026-08-05T08:00:00Z
#JKT-88205,Gilang Ramadhan,+628113341057,https://images.unsplash.com/photo-1534528741780?auto=format&fit=crop&w=150&q=80,Linehaul Truck,B 1928 POK,2026-08-06T08:00:00Z
#JKT-88206,Hendra Setiawan,+628112719583,https://images.unsplash.com/photo-1534528741781?auto=format&fit=crop&w=150&q=80,Motorcycle,B 7731 QWE,2026-08-07T08:00:00Z
#JKT-88207,Indra Wijaya,+628112458591,https://images.unsplash.com/photo-1534528741782?auto=format&fit=crop&w=150&q=80,Blind Van,L 1029 GH,2026-08-08T08:00:00Z
#JKT-88208,Joko Susilo,+628118078673,https://images.unsplash.com/photo-1534528741783?auto=format&fit=crop&w=150&q=80,Linehaul Truck,B 5541 JKL,2026-08-09T08:00:00Z
#JKT-88209,Kurniawan Dwi,+628111533224,https://images.unsplash.com/photo-1534528741784?auto=format&fit=crop&w=150&q=80,Motorcycle,B 2290 RFV,2026-08-10T08:00:00Z
#JKT-88210,Lukman Hakim,+628111499914,https://images.unsplash.com/photo-1534528741785?auto=format&fit=crop&w=150&q=80,Blind Van,D 3341 TYU,2026-08-11T08:00:00Z
#JKT-88211,Muhammad Rizky,+628112571945,https://images.unsplash.com/photo-1534528741786?auto=format&fit=crop&w=150&q=80,Linehaul Truck,B 9012 BNM,2026-08-12T08:00:00Z
#JKT-88212,Nanang Hidayat,+628114668136,https://images.unsplash.com/photo-1534528741787?auto=format&fit=crop&w=150&q=80,Motorcycle,B 4412 IOP,2026-08-13T08:00:00Z
#JKT-88213,Oki Setiawan,+628114903402,https://images.unsplash.com/photo-1534528741788?auto=format&fit=crop&w=150&q=80,Blind Van,L 8819 ER,2026-08-14T08:00:00Z
#JKT-88214,Panji Trihatmodjo,+628119478454,https://images.unsplash.com/photo-1534528741789?auto=format&fit=crop&w=150&q=80,Linehaul Truck,B 6621 YHN,2026-08-15T08:00:00Z
waybill_number,courier_id,assigned_at,is_active
10006947530309,#JKT-88203,2026-09-25T04:00:00Z,True
10009776552803,#JKT-88202,2026-10-01T05:00:00Z,True
10001298737106,#JKT-88212,2026-09-30T01:00:00Z,True
10007609857128,#JKT-88209,2026-09-28T00:00:00Z,True
10003410529190,#JKT-88203,2026-09-28T03:00:00Z,True
10001284277889,#JKT-88201,2026-09-26T00:00:00Z,True
10008519962896,#JKT-88213,2026-10-01T01:00:00Z,True
10008357059814,#JKT-88212,2026-09-23T22:00:00Z,True
10003585650756,#JKT-88208,2026-09-29T04:00:00Z,True
10009896606039,#JKT-88203,2026-09-23T05:00:00Z,True
10004721519026,#JKT-88209,2026-09-29T05:00:00Z,True
10001540137296,#JKT-88203,2026-09-27T02:00:00Z,True
10006927597015,#JKT-88213,2026-09-22T04:00:00Z,True
10009928378856,#JKT-88213,2026-09-26T04:00:00Z,True
10004733616459,#JKT-88203,2026-09-27T00:00:00Z,True
10002051454923,#JKT-88205,2026-09-24T02:00:00Z,True
10009256195745,#JKT-88212,2026-09-26T02:00:00Z,True
10005141907136,#JKT-88202,2026-09-21T23:00:00Z,True
10005974249674,#JKT-88212,2026-09-27T05:00:00Z,True
10008615270538,#JKT-88214,2026-09-30T02:00:00Z,True
10001854316681,#JKT-88209,2026-09-23T01:00:00Z,True
10002801823908,#JKT-88200,2026-09-29T02:00:00Z,True
10008760038701,#JKT-88204,2026-09-23T02:00:00Z,True
10008752612686,#JKT-88213,2026-09-25T04:00:00Z,True
10005993561321,#JKT-88202,2026-09-29T02:00:00Z,True
10007867414708,#JKT-88202,2026-09-25T22:00:00Z,True
10008385972235,#JKT-88208,2026-09-24T02:00:00Z,True
10005231494220,#JKT-88204,2026-09-23T03:00:00Z,True
10003840104345,#JKT-88212,2026-09-30T23:00:00Z,False
10004246059658,#JKT-88202,2026-09-23T21:00:00Z,False
10003561557300,#JKT-88201,2026-09-28T23:00:00Z,False
10002193448329,#JKT-88210,2026-09-25T00:00:00Z,False
10004272602734,#JKT-88213,2026-09-30T03:00:00Z,False
10007280359794,#JKT-88200,2026-09-24T21:00:00Z,False
10003962958940,#JKT-88202,2026-09-25T03:00:00Z,False
10002525876051,#JKT-88200,2026-09-23T02:00:00Z,False
10008378385615,#JKT-88205,2026-09-29T03:00:00Z,False
10008128575500,#JKT-88212,2026-09-21T21:00:00Z,False
10008173347748,#JKT-88212,2026-09-26T02:00:00Z,False
10007980611182,#JKT-88203,2026-09-27T20:00:00Z,False
10007801222128,#JKT-88209,2026-09-29T03:00:00Z,False
10003119634399,#JKT-88205,2026-09-23T03:00:00Z,False
10004673561638,#JKT-88200,2026-09-30T02:00:00Z,False
waybill_number,service_type,sender_name,sender_address,receiver_name,receiver_address,weight_kg,volume_m3,insurance_status,insurance_type,is_free_shipping,has_sla_guarantee,shipment_status,purchase_date,estimated_delivery_date,delivered_date,created_at,updated_at
10006947530309,AR-REG (Reguler),Otomotif Jaya Motor,"Jl. Veteran No. 5, Surabaya",Budi Santoso,"Jl. Merdeka No. 45, Jakarta Pusat",14.54,0.068,True,Standar,False,False,OUT_FOR_DELIVERY,2026-09-24T16:00:00Z,2026-09-27T20:00:00Z,,2026-09-24T16:00:00Z,2026-09-25T16:00:00Z
10001338258951,AR-NDR (Next Day),Sports Hub Official,"Jl. Sudirman No. 102, Jakarta Selatan",Budi Santoso,"Jl. Merdeka No. 45, Jakarta Pusat",14.78,,False,,False,False,ORDER_CREATED,2026-09-29T17:00:00Z,2026-10-01T22:00:00Z,,2026-09-29T17:00:00Z,2026-09-30T17:00:00Z
10009776552803,AR-NDR (Next Day),Elektronik Murah Jaya,"Mangga Dua Mall Lt. 3 No. 45, Jakarta Utara",Dewi Lestari,"Jl. Pajajaran No. 34, Bogor",14.54,0.044,False,,True,True,OUT_FOR_DELIVERY,2026-09-30T17:00:00Z,2026-10-03T01:00:00Z,,2026-09-30T17:00:00Z,2026-10-01T17:00:00Z
10003840104345,AR-NDR (Next Day),Toko Gadget Sejahtera,"Jl. Braga No. 10, Bandung",Kevin Sanjaya,"Jl. Tomang Raya No. 14, Jakarta Barat",1.48,,True,Proteksi Penuh,False,True,DELIVERED,2026-09-30T13:00:00Z,2026-10-02T21:00:00Z,2026-10-02T11:00:00Z,2026-09-30T13:00:00Z,2026-10-01T13:00:00Z
10003727210979,AR-REG (Reguler),Rumah Cantik Herbal,"Jl. Dago Atas No. 104, Bandung",Siti Nurhaliza,"Jl. Cempaka Putih Timur No. 18, Jakarta Cempaka Putih",6.46,0.042,False,,True,False,PICKUP_READY,2026-09-24T14:00:00Z,2026-09-27T21:00:00Z,,2026-09-24T14:00:00Z,2026-09-25T14:00:00Z
10001298737106,AR-NDR (Next Day),Elektronik Murah Jaya,"Mangga Dua Mall Lt. 3 No. 45, Jakarta Utara",Sri Wahyuni,"Jl. Harapan Indah Raya Blok CB No. 1, Bekasi",4.95,0.007,False,,True,True,OUT_FOR_DELIVERY,2026-09-29T13:00:00Z,2026-10-01T21:00:00Z,,2026-09-29T13:00:00Z,2026-09-30T13:00:00Z
10004944899549,AR-ECO (Ekonomis),Buku Pintar Official,"Jl. Malioboro No. 44, Yogyakarta",Maya Indah,"Jl. Tebet Barat Dalam VII No. 2, Jakarta Selatan",13.25,0.03,True,Standar,False,True,PICKUP_READY,2026-09-29T14:00:00Z,2026-10-02T18:00:00Z,,2026-09-29T14:00:00Z,2026-09-30T14:00:00Z
10007017956955,AR-NDR (Next Day),Elektronik Murah Jaya,"Mangga Dua Mall Lt. 3 No. 45, Jakarta Utara",Siti Nurhaliza,"Jl. Cempaka Putih Timur No. 18, Jakarta Cempaka Putih",13.38,0.013,False,,True,False,ORDER_CREATED,2026-09-24T14:00:00Z,2026-09-26T22:00:00Z,,2026-09-24T14:00:00Z,2026-09-25T14:00:00Z
10002631775357,AR-SD (Same Day),Elektronik Murah Jaya,"Mangga Dua Mall Lt. 3 No. 45, Jakarta Utara",Budi Santoso,"Jl. Merdeka No. 45, Jakarta Pusat",1.66,0.023,True,Standar,True,False,ORDER_CREATED,2026-09-23T17:00:00Z,2026-09-25T01:00:00Z,,2026-09-23T17:00:00Z,2026-09-24T17:00:00Z
10007609857128,AR-SD (Same Day),Otomotif Jaya Motor,"Jl. Veteran No. 5, Surabaya",Budi Santoso,"Jl. Merdeka No. 45, Jakarta Pusat",1.94,0.056,True,Proteksi Penuh,False,True,OUT_FOR_DELIVERY,2026-09-27T12:00:00Z,2026-09-28T16:00:00Z,,2026-09-27T12:00:00Z,2026-09-28T12:00:00Z
10004504793184,AR-ECO (Ekonomis),Beauty Skin Cosmetic,"Jl. Surya Sumantri No. 88, Bandung",Budi Santoso,"Jl. Merdeka No. 45, Jakarta Pusat",13.51,,True,Proteksi Penuh,False,False,ORDER_CREATED,2026-09-30T12:00:00Z,2026-10-03T17:00:00Z,,2026-09-30T12:00:00Z,2026-10-01T12:00:00Z
10004246059658,AR-NDR (Next Day),Buku Pintar Official,"Jl. Malioboro No. 44, Yogyakarta",Andi Pratama,"Jl. Bintaro Utama Sektor 3A No. 50, Tangerang Selatan",0.66,0.027,False,,True,False,DELIVERED,2026-09-23T11:00:00Z,2026-09-25T18:00:00Z,2026-09-25T17:00:00Z,2026-09-23T11:00:00Z,2026-09-24T11:00:00Z
10003410529190,AR-SD (Same Day),Sentra Kopi Nusantara,"Jl. Asia Afrika No. 25, Bandung",Dewi Lestari,"Jl. Pajajaran No. 34, Bogor",12.3,0.025,True,Proteksi Penuh,True,True,IN_TRANSIT,2026-09-27T15:00:00Z,2026-09-28T21:00:00Z,,2026-09-27T15:00:00Z,2026-09-28T15:00:00Z
10001284277889,AR-REG (Reguler),Elektronik Murah Jaya,"Mangga Dua Mall Lt. 3 No. 45, Jakarta Utara",Maya Indah,"Jl. Tebet Barat Dalam VII No. 2, Jakarta Selatan",9.73,0.079,False,,True,True,IN_TRANSIT,2026-09-25T12:00:00Z,2026-09-28T20:00:00Z,,2026-09-25T12:00:00Z,2026-09-26T12:00:00Z
10008519962896,AR-ECO (Ekonomis),Toko Gadget Sejahtera,"Jl. Braga No. 10, Bandung",Siti Nurhaliza,"Jl. Cempaka Putih Timur No. 18, Jakarta Cempaka Putih",9.07,0.063,False,,True,False,OUT_FOR_DELIVERY,2026-09-30T13:00:00Z,2026-10-03T19:00:00Z,,2026-09-30T13:00:00Z,2026-10-01T13:00:00Z
10002461042543,AR-REG (Reguler),Sports Hub Official,"Jl. Sudirman No. 102, Jakarta Selatan",Budi Santoso,"Jl. Merdeka No. 45, Jakarta Pusat",7.94,0.055,True,Standar,False,True,PICKUP_READY,2026-09-26T15:00:00Z,2026-09-29T19:00:00Z,,2026-09-26T15:00:00Z,2026-09-27T15:00:00Z
10007900268326,AR-ECO (Ekonomis),Otomotif Jaya Motor,"Jl. Veteran No. 5, Surabaya",Rian Hidayat,"Jl. Boulevard Barat Blok LC No. 9, Kelapa Gading, Jakarta Utara",10.1,0.056,True,Proteksi Penuh,False,False,ORDER_CREATED,2026-09-23T14:00:00Z,2026-09-26T21:00:00Z,,2026-09-23T14:00:00Z,2026-09-24T14:00:00Z
10003561557300,AR-REG (Reguler),Elektronik Murah Jaya,"Mangga Dua Mall Lt. 3 No. 45, Jakarta Utara",Rian Hidayat,"Jl. Boulevard Barat Blok LC No. 9, Kelapa Gading, Jakarta Utara",3.39,0.049,False,,False,False,DELIVERED,2026-09-28T13:00:00Z,2026-10-01T21:00:00Z,2026-10-01T13:00:00Z,2026-09-28T13:00:00Z,2026-09-29T13:00:00Z
10008357059814,AR-NDR (Next Day),Fashion Muslimah ID,"Jl. Tanah Abang Blok A No. 12, Jakarta Pusat",Rian Hidayat,"Jl. Boulevard Barat Blok LC No. 9, Kelapa Gading, Jakarta Utara",7.88,0.027,True,Standar,True,True,IN_TRANSIT,2026-09-23T10:00:00Z,2026-09-25T14:00:00Z,,2026-09-23T10:00:00Z,2026-09-24T10:00:00Z
10003585650756,AR-NDR (Next Day),Sembako Barokah,"Jl. Raya Pasar Minggu No. 15, Jakarta Selatan",Rina Melati,"Jl. Fatmawati Raya No. 77, Jakarta Selatan",12.79,,False,,True,False,IN_TRANSIT,2026-09-28T16:00:00Z,2026-09-30T21:00:00Z,,2026-09-28T16:00:00Z,2026-09-29T16:00:00Z
10009896606039,AR-NDR (Next Day),Toko Gadget Sejahtera,"Jl. Braga No. 10, Bandung",Siti Nurhaliza,"Jl. Cempaka Putih Timur No. 18, Jakarta Cempaka Putih",11.74,,False,,True,True,IN_TRANSIT,2026-09-22T17:00:00Z,2026-09-24T22:00:00Z,,2026-09-22T17:00:00Z,2026-09-23T17:00:00Z
10004721519026,AR-SD (Same Day),Otomotif Jaya Motor,"Jl. Veteran No. 5, Surabaya",Kevin Sanjaya,"Jl. Tomang Raya No. 14, Jakarta Barat",9.05,0.071,False,,False,True,IN_TRANSIT,2026-09-28T17:00:00Z,2026-09-29T23:00:00Z,,2026-09-28T17:00:00Z,2026-09-29T17:00:00Z
10002193448329,AR-NDR (Next Day),Elektronik Murah Jaya,"Mangga Dua Mall Lt. 3 No. 45, Jakarta Utara",Kevin Sanjaya,"Jl. Tomang Raya No. 14, Jakarta Barat",7.42,,False,,True,False,DELIVERED,2026-09-24T14:00:00Z,2026-09-26T20:00:00Z,2026-09-26T14:00:00Z,2026-09-24T14:00:00Z,2026-09-25T14:00:00Z
10004272602734,AR-REG (Reguler),Buku Pintar Official,"Jl. Malioboro No. 44, Yogyakarta",Ahmad Fauzi,"Jl. Margonda Raya No. 120, Depok",3.7,0.057,True,Standar,False,False,DELIVERED,2026-09-29T17:00:00Z,2026-10-03T00:00:00Z,2026-10-02T23:00:00Z,2026-09-29T17:00:00Z,2026-09-30T17:00:00Z
10001540137296,AR-NDR (Next Day),Sports Hub Official,"Jl. Sudirman No. 102, Jakarta Selatan",Andi Pratama,"Jl. Bintaro Utama Sektor 3A No. 50, Tangerang Selatan",13.6,0.056,False,,False,True,IN_TRANSIT,2026-09-26T14:00:00Z,2026-09-28T21:00:00Z,,2026-09-26T14:00:00Z,2026-09-27T14:00:00Z
10006927597015,AR-SD (Same Day),Otomotif Jaya Motor,"Jl. Veteran No. 5, Surabaya",Kevin Sanjaya,"Jl. Tomang Raya No. 14, Jakarta Barat",12.06,0.04,False,,False,False,IN_TRANSIT,2026-09-21T16:00:00Z,2026-09-22T22:00:00Z,,2026-09-21T16:00:00Z,2026-09-22T16:00:00Z
10008877444318,AR-SD (Same Day),Buku Pintar Official,"Jl. Malioboro No. 44, Yogyakarta",Sri Wahyuni,"Jl. Harapan Indah Raya Blok CB No. 1, Bekasi",13.82,0.043,False,,True,True,ORDER_CREATED,2026-09-27T12:00:00Z,2026-09-28T19:00:00Z,,2026-09-27T12:00:00Z,2026-09-28T12:00:00Z
10009928378856,AR-NDR (Next Day),Toko Gadget Sejahtera,"Jl. Braga No. 10, Bandung",Rian Hidayat,"Jl. Boulevard Barat Blok LC No. 9, Kelapa Gading, Jakarta Utara",5.87,,False,,False,False,OUT_FOR_DELIVERY,2026-09-25T16:00:00Z,2026-09-27T22:00:00Z,,2026-09-25T16:00:00Z,2026-09-26T16:00:00Z
10005908596099,AR-REG (Reguler),Sembako Barokah,"Jl. Raya Pasar Minggu No. 15, Jakarta Selatan",Budi Santoso,"Jl. Merdeka No. 45, Jakarta Pusat",11.31,,False,,True,True,NOT_FOUND,2026-09-21T10:00:00Z,2026-09-24T15:00:00Z,,2026-09-21T10:00:00Z,2026-09-22T10:00:00Z
10004733616459,AR-NDR (Next Day),Toko Gadget Sejahtera,"Jl. Braga No. 10, Bandung",Rina Melati,"Jl. Fatmawati Raya No. 77, Jakarta Selatan",2.54,,True,Proteksi Penuh,False,False,IN_TRANSIT,2026-09-26T12:00:00Z,2026-09-28T20:00:00Z,,2026-09-26T12:00:00Z,2026-09-27T12:00:00Z
10007280359794,AR-REG (Reguler),Buku Pintar Official,"Jl. Malioboro No. 44, Yogyakarta",Rian Hidayat,"Jl. Boulevard Barat Blok LC No. 9, Kelapa Gading, Jakarta Utara",1.89,,False,,False,False,DELIVERED,2026-09-24T11:00:00Z,2026-09-27T19:00:00Z,2026-09-27T07:00:00Z,2026-09-24T11:00:00Z,2026-09-25T11:00:00Z
10002028439863,AR-NDR (Next Day),Fashion Muslimah ID,"Jl. Tanah Abang Blok A No. 12, Jakarta Pusat",Rian Hidayat,"Jl. Boulevard Barat Blok LC No. 9, Kelapa Gading, Jakarta Utara",12.8,0.011,True,Standar,False,False,ORDER_CREATED,2026-09-22T15:00:00Z,2026-09-24T19:00:00Z,,2026-09-22T15:00:00Z,2026-09-23T15:00:00Z
10002051454923,AR-SD (Same Day),Sembako Barokah,"Jl. Raya Pasar Minggu No. 15, Jakarta Selatan",Siti Nurhaliza,"Jl. Cempaka Putih Timur No. 18, Jakarta Cempaka Putih",6.67,0.071,False,,True,False,IN_TRANSIT,2026-09-23T14:00:00Z,2026-09-24T22:00:00Z,,2026-09-23T14:00:00Z,2026-09-24T14:00:00Z
10003962958940,AR-SD (Same Day),Sembako Barokah,"Jl. Raya Pasar Minggu No. 15, Jakarta Selatan",Andi Pratama,"Jl. Bintaro Utama Sektor 3A No. 50, Tangerang Selatan",12.44,0.026,True,Proteksi Penuh,False,False,DELIVERED,2026-09-24T17:00:00Z,2026-09-26T01:00:00Z,2026-09-25T15:00:00Z,2026-09-24T17:00:00Z,2026-09-25T17:00:00Z
10009256195745,AR-SD (Same Day),Beauty Skin Cosmetic,"Jl. Surya Sumantri No. 88, Bandung",Budi Santoso,"Jl. Merdeka No. 45, Jakarta Pusat",7.57,0.04,False,,False,False,OUT_FOR_DELIVERY,2026-09-25T14:00:00Z,2026-09-26T22:00:00Z,,2026-09-25T14:00:00Z,2026-09-26T14:00:00Z
10005141907136,AR-REG (Reguler),Otomotif Jaya Motor,"Jl. Veteran No. 5, Surabaya",Dewi Lestari,"Jl. Pajajaran No. 34, Bogor",1.56,0.04,True,Standar,False,False,IN_TRANSIT,2026-09-21T11:00:00Z,2026-09-24T17:00:00Z,,2026-09-21T11:00:00Z,2026-09-22T11:00:00Z
10005974249674,AR-NDR (Next Day),Sports Hub Official,"Jl. Sudirman No. 102, Jakarta Selatan",Dewi Lestari,"Jl. Pajajaran No. 34, Bogor",4.8,0.038,False,,False,False,IN_TRANSIT,2026-09-26T17:00:00Z,2026-09-28T23:00:00Z,,2026-09-26T17:00:00Z,2026-09-27T17:00:00Z
10006555540744,AR-ECO (Ekonomis),Elektronik Murah Jaya,"Mangga Dua Mall Lt. 3 No. 45, Jakarta Utara",Dewi Lestari,"Jl. Pajajaran No. 34, Bogor",2.07,,True,Proteksi Penuh,True,True,ORDER_CREATED,2026-09-28T14:00:00Z,2026-10-01T22:00:00Z,,2026-09-28T14:00:00Z,2026-09-29T14:00:00Z
10008615270538,AR-ECO (Ekonomis),Fashion Muslimah ID,"Jl. Tanah Abang Blok A No. 12, Jakarta Pusat",Dewi Lestari,"Jl. Pajajaran No. 34, Bogor",4.65,0.025,True,Standar,True,True,IN_TRANSIT,2026-09-29T14:00:00Z,2026-10-02T19:00:00Z,,2026-09-29T14:00:00Z,2026-09-30T14:00:00Z
10001438989805,AR-SD (Same Day),Fashion Muslimah ID,"Jl. Tanah Abang Blok A No. 12, Jakarta Pusat",Budi Santoso,"Jl. Merdeka No. 45, Jakarta Pusat",8.74,0.036,True,Proteksi Penuh,False,False,ORDER_CREATED,2026-09-22T11:00:00Z,2026-09-23T18:00:00Z,,2026-09-22T11:00:00Z,2026-09-23T11:00:00Z
10002525876051,AR-SD (Same Day),Fashion Muslimah ID,"Jl. Tanah Abang Blok A No. 12, Jakarta Pusat",Rina Melati,"Jl. Fatmawati Raya No. 77, Jakarta Selatan",9.55,,True,Standar,True,True,DELIVERED,2026-09-22T16:00:00Z,2026-09-24T00:00:00Z,2026-09-23T14:00:00Z,2026-09-22T16:00:00Z,2026-09-23T16:00:00Z
10004529615275,AR-NDR (Next Day),Otomotif Jaya Motor,"Jl. Veteran No. 5, Surabaya",Andi Pratama,"Jl. Bintaro Utama Sektor 3A No. 50, Tangerang Selatan",6.92,0.069,False,,False,True,PICKUP_READY,2026-09-30T11:00:00Z,2026-10-02T16:00:00Z,,2026-09-30T11:00:00Z,2026-10-01T11:00:00Z
10008378385615,AR-NDR (Next Day),Elektronik Murah Jaya,"Mangga Dua Mall Lt. 3 No. 45, Jakarta Utara",Siti Nurhaliza,"Jl. Cempaka Putih Timur No. 18, Jakarta Cempaka Putih",2.61,,True,Proteksi Penuh,True,False,DELIVERED,2026-09-28T17:00:00Z,2026-09-30T23:00:00Z,2026-09-30T22:00:00Z,2026-09-28T17:00:00Z,2026-09-29T17:00:00Z
10001854316681,AR-NDR (Next Day),Elektronik Murah Jaya,"Mangga Dua Mall Lt. 3 No. 45, Jakarta Utara",Rian Hidayat,"Jl. Boulevard Barat Blok LC No. 9, Kelapa Gading, Jakarta Utara",10.63,0.055,False,,True,False,IN_TRANSIT,2026-09-22T13:00:00Z,2026-09-24T18:00:00Z,,2026-09-22T13:00:00Z,2026-09-23T13:00:00Z
10008438486479,AR-ECO (Ekonomis),Buku Pintar Official,"Jl. Malioboro No. 44, Yogyakarta",Siti Nurhaliza,"Jl. Cempaka Putih Timur No. 18, Jakarta Cempaka Putih",1.18,0.048,False,,False,True,NOT_FOUND,2026-09-28T14:00:00Z,2026-10-01T21:00:00Z,,2026-09-28T14:00:00Z,2026-09-29T14:00:00Z
10008128575500,AR-ECO (Ekonomis),Otomotif Jaya Motor,"Jl. Veteran No. 5, Surabaya",Kevin Sanjaya,"Jl. Tomang Raya No. 14, Jakarta Barat",7.56,,True,Standar,False,False,DELIVERED,2026-09-21T11:00:00Z,2026-09-24T16:00:00Z,2026-09-24T05:00:00Z,2026-09-21T11:00:00Z,2026-09-22T11:00:00Z
10007439149233,AR-REG (Reguler),Elektronik Murah Jaya,"Mangga Dua Mall Lt. 3 No. 45, Jakarta Utara",Rina Melati,"Jl. Fatmawati Raya No. 77, Jakarta Selatan",0.89,0.038,False,,False,True,ORDER_CREATED,2026-09-30T16:00:00Z,2026-10-03T23:00:00Z,,2026-09-30T16:00:00Z,2026-10-01T16:00:00Z
10008173347748,AR-REG (Reguler),Sembako Barokah,"Jl. Raya Pasar Minggu No. 15, Jakarta Selatan",Maya Indah,"Jl. Tebet Barat Dalam VII No. 2, Jakarta Selatan",6.3,0.009,True,Standar,False,False,DELIVERED,2026-09-25T16:00:00Z,2026-09-29T00:00:00Z,2026-09-28T23:00:00Z,2026-09-25T16:00:00Z,2026-09-26T16:00:00Z
10007980611182,AR-SD (Same Day),Fashion Muslimah ID,"Jl. Tanah Abang Blok A No. 12, Jakarta Pusat",Maya Indah,"Jl. Tebet Barat Dalam VII No. 2, Jakarta Selatan",4.01,,False,,True,False,DELIVERED,2026-09-27T10:00:00Z,2026-09-28T15:00:00Z,2026-09-28T06:00:00Z,2026-09-27T10:00:00Z,2026-09-28T10:00:00Z
10006004182187,AR-ECO (Ekonomis),Rumah Cantik Herbal,"Jl. Dago Atas No. 104, Bandung",Sri Wahyuni,"Jl. Harapan Indah Raya Blok CB No. 1, Bekasi",9.49,0.017,True,Standar,False,False,ORDER_CREATED,2026-09-22T10:00:00Z,2026-09-25T18:00:00Z,,2026-09-22T10:00:00Z,2026-09-23T10:00:00Z
10002801823908,AR-NDR (Next Day),Buku Pintar Official,"Jl. Malioboro No. 44, Yogyakarta",Rian Hidayat,"Jl. Boulevard Barat Blok LC No. 9, Kelapa Gading, Jakarta Utara",8.4,0.008,True,Standar,True,True,OUT_FOR_DELIVERY,2026-09-28T14:00:00Z,2026-09-30T22:00:00Z,,2026-09-28T14:00:00Z,2026-09-29T14:00:00Z
10008760038701,AR-ECO (Ekonomis),Sports Hub Official,"Jl. Sudirman No. 102, Jakarta Selatan",Sri Wahyuni,"Jl. Harapan Indah Raya Blok CB No. 1, Bekasi",14.71,,True,Standar,True,True,OUT_FOR_DELIVERY,2026-09-22T14:00:00Z,2026-09-25T21:00:00Z,,2026-09-22T14:00:00Z,2026-09-23T14:00:00Z
10007801222128,AR-ECO (Ekonomis),Otomotif Jaya Motor,"Jl. Veteran No. 5, Surabaya",Rian Hidayat,"Jl. Boulevard Barat Blok LC No. 9, Kelapa Gading, Jakarta Utara",12.36,,False,,False,True,DELIVERED,2026-09-28T17:00:00Z,2026-10-01T23:00:00Z,2026-10-01T17:00:00Z,2026-09-28T17:00:00Z,2026-09-29T17:00:00Z
10001599707677,AR-SD (Same Day),Sembako Barokah,"Jl. Raya Pasar Minggu No. 15, Jakarta Selatan",Maya Indah,"Jl. Tebet Barat Dalam VII No. 2, Jakarta Selatan",13.08,0.02,False,,True,False,ORDER_CREATED,2026-09-21T15:00:00Z,2026-09-22T22:00:00Z,,2026-09-21T15:00:00Z,2026-09-22T15:00:00Z
10003119634399,AR-SD (Same Day),Sports Hub Official,"Jl. Sudirman No. 102, Jakarta Selatan",Ahmad Fauzi,"Jl. Margonda Raya No. 120, Depok",7.58,,False,,True,False,DELIVERED,2026-09-22T17:00:00Z,2026-09-23T21:00:00Z,2026-09-23T09:00:00Z,2026-09-22T17:00:00Z,2026-09-23T17:00:00Z
10004673561638,AR-NDR (Next Day),Sports Hub Official,"Jl. Sudirman No. 102, Jakarta Selatan",Ahmad Fauzi,"Jl. Margonda Raya No. 120, Depok",1.4,0.022,False,,True,False,DELIVERED,2026-09-29T16:00:00Z,2026-10-01T22:00:00Z,2026-10-01T11:00:00Z,2026-09-29T16:00:00Z,2026-09-30T16:00:00Z
10007110082321,AR-SD (Same Day),Otomotif Jaya Motor,"Jl. Veteran No. 5, Surabaya",Budi Santoso,"Jl. Merdeka No. 45, Jakarta Pusat",9.38,,False,,True,True,DELIVERED,2026-09-27T11:00:00Z,2026-09-28T15:00:00Z,2026-09-28T07:00:00Z,2026-09-27T11:00:00Z,2026-09-28T11:00:00Z
10008752612686,AR-NDR (Next Day),Elektronik Murah Jaya,"Mangga Dua Mall Lt. 3 No. 45, Jakarta Utara",Budi Santoso,"Jl. Merdeka No. 45, Jakarta Pusat",0.98,0.024,False,,False,True,IN_TRANSIT,2026-09-24T16:00:00Z,2026-09-27T00:00:00Z,,2026-09-24T16:00:00Z,2026-09-25T16:00:00Z
10005993561321,AR-NDR (Next Day),Buku Pintar Official,"Jl. Malioboro No. 44, Yogyakarta",Ahmad Fauzi,"Jl. Margonda Raya No. 120, Depok",1.46,0.05,True,Standar,True,True,IN_TRANSIT,2026-09-28T14:00:00Z,2026-09-30T21:00:00Z,,2026-09-28T14:00:00Z,2026-09-29T14:00:00Z
10008055995058,AR-ECO (Ekonomis),Toko Gadget Sejahtera,"Jl. Braga No. 10, Bandung",Sri Wahyuni,"Jl. Harapan Indah Raya Blok CB No. 1, Bekasi",13.55,0.013,False,,False,False,ORDER_CREATED,2026-09-27T14:00:00Z,2026-09-30T21:00:00Z,,2026-09-27T14:00:00Z,2026-09-28T14:00:00Z
10007867414708,AR-ECO (Ekonomis),Sentra Kopi Nusantara,"Jl. Asia Afrika No. 25, Bandung",Andi Pratama,"Jl. Bintaro Utama Sektor 3A No. 50, Tangerang Selatan",12.84,,False,,False,False,IN_TRANSIT,2026-09-25T10:00:00Z,2026-09-28T17:00:00Z,,2026-09-25T10:00:00Z,2026-09-26T10:00:00Z
10005047709743,AR-ECO (Ekonomis),Toko Gadget Sejahtera,"Jl. Braga No. 10, Bandung",Rina Melati,"Jl. Fatmawati Raya No. 77, Jakarta Selatan",13.02,0.078,False,,False,True,ORDER_CREATED,2026-09-30T15:00:00Z,2026-10-03T20:00:00Z,,2026-09-30T15:00:00Z,2026-10-01T15:00:00Z
10001240251661,AR-NDR (Next Day),Rumah Cantik Herbal,"Jl. Dago Atas No. 104, Bandung",Rian Hidayat,"Jl. Boulevard Barat Blok LC No. 9, Kelapa Gading, Jakarta Utara",10.26,0.053,True,Proteksi Penuh,True,False,ORDER_CREATED,2026-09-28T10:00:00Z,2026-09-30T18:00:00Z,,2026-09-28T10:00:00Z,2026-09-29T10:00:00Z
10008385972235,AR-ECO (Ekonomis),Buku Pintar Official,"Jl. Malioboro No. 44, Yogyakarta",Siti Nurhaliza,"Jl. Cempaka Putih Timur No. 18, Jakarta Cempaka Putih",13.67,0.034,True,Proteksi Penuh,False,False,IN_TRANSIT,2026-09-23T14:00:00Z,2026-09-26T21:00:00Z,,2026-09-23T14:00:00Z,2026-09-24T14:00:00Z
10004698408854,AR-ECO (Ekonomis),Beauty Skin Cosmetic,"Jl. Surya Sumantri No. 88, Bandung",Siti Nurhaliza,"Jl. Cempaka Putih Timur No. 18, Jakarta Cempaka Putih",7.18,,True,Standar,False,True,PICKUP_READY,2026-09-27T10:00:00Z,2026-09-30T16:00:00Z,,2026-09-27T10:00:00Z,2026-09-28T10:00:00Z
10003098545541,AR-REG (Reguler),Sembako Barokah,"Jl. Raya Pasar Minggu No. 15, Jakarta Selatan",Maya Indah,"Jl. Tebet Barat Dalam VII No. 2, Jakarta Selatan",10.19,0.047,False,,True,True,DELIVERED,2026-09-28T10:00:00Z,2026-10-01T18:00:00Z,2026-10-01T09:00:00Z,2026-09-28T10:00:00Z,2026-09-29T10:00:00Z
10002554762903,AR-ECO (Ekonomis),Rumah Cantik Herbal,"Jl. Dago Atas No. 104, Bandung",Dewi Lestari,"Jl. Pajajaran No. 34, Bogor",9.82,0.038,False,,False,True,DELIVERED,2026-09-23T10:00:00Z,2026-09-26T14:00:00Z,2026-09-26T09:00:00Z,2026-09-23T10:00:00Z,2026-09-24T10:00:00Z
10008574149614,AR-SD (Same Day),Fashion Muslimah ID,"Jl. Tanah Abang Blok A No. 12, Jakarta Pusat",Siti Nurhaliza,"Jl. Cempaka Putih Timur No. 18, Jakarta Cempaka Putih",3.75,0.032,False,,False,True,DELIVERED,2026-09-27T11:00:00Z,2026-09-28T18:00:00Z,2026-09-28T08:00:00Z,2026-09-27T11:00:00Z,2026-09-28T11:00:00Z
10005231494220,AR-SD (Same Day),Elektronik Murah Jaya,"Mangga Dua Mall Lt. 3 No. 45, Jakarta Utara",Budi Santoso,"Jl. Merdeka No. 45, Jakarta Pusat",10.45,,False,,True,False,OUT_FOR_DELIVERY,2026-09-22T15:00:00Z,2026-09-23T23:00:00Z,,2026-09-22T15:00:00Z,2026-09-23T15:00:00Z
10008217611860,AR-ECO (Ekonomis),Toko Gadget Sejahtera,"Jl. Braga No. 10, Bandung",Andi Pratama,"Jl. Bintaro Utama Sektor 3A No. 50, Tangerang Selatan",4.36,0.076,False,,True,True,DELIVERED,2026-09-30T10:00:00Z,2026-10-03T14:00:00Z,2026-10-03T08:00:00Z,2026-09-30T10:00:00Z,2026-10-01T10:00:00Z
waybill_number,latitude,longitude,speed_kmh,location_name,accuracy_percentage,is_gps_active,logistics_delay_reason,traffic_status,weather_condition,waiting_time_minutes,observed_at,created_at
10006947530309,-6.3681,107.2891,78.0,Tol Cikampek KM 54 (Arah Barat),97.92,True,,Clear,Cerah,0,2026-09-27T14:00:00Z,2026-09-27T14:00:00Z
10009776552803,-6.4215,107.4112,65.5,Tol Cipularang KM 82,97.63,True,,Moderate,Hujan Ringan,0,2026-09-27T14:15:00Z,2026-09-27T14:15:00Z
10001298737106,-6.2297,106.8294,24.0,"Jl. Gatot Subroto Kav. 52, Jaksel",99.28,True,Kepadatan Jam Pulang Kerja,Heavy,Cerah,25,2026-09-27T14:30:00Z,2026-09-27T14:30:00Z
10007609857128,-6.1852,106.8271,35.0,Jl. MH Thamrin Bundaran HI,98.76,True,,Clear,Berawan,0,2026-09-27T14:45:00Z,2026-09-27T14:45:00Z
10003410529190,-6.3021,106.8951,82.0,Tol JORR KM 34 (Pasar Rebo),99.29,True,,Clear,Cerah,0,2026-09-27T15:00:00Z,2026-09-27T15:00:00Z
10001284277889,-6.1754,106.9122,15.0,Jl. Raya Bekasi KM 21 (Cakung),98.64,True,Genangan Air & Penyempitan Jalur,Heavy,Hujan Sedang,40,2026-09-27T15:15:00Z,2026-09-27T15:15:00Z
10008519962896,-6.2146,106.8451,18.0,Flyover Saharjo - Tebet,99.37,True,Perbaikan Jalan,Moderate,Berawan,15,2026-09-27T15:30:00Z,2026-09-27T15:30:00Z
10008357059814,-6.4025,107.135,72.0,Tol Jakarta-Cikampek KM 38,98.73,True,,Clear,Cerah,0,2026-09-27T15:45:00Z,2026-09-27T15:45:00Z
10003585650756,-6.1931,106.8833,40.0,Jl. Pemuda Rawamangun,97.76,True,,Clear,Cerah,0,2026-09-27T16:00:00Z,2026-09-27T16:00:00Z
10009896606039,-6.2553,106.7978,22.0,Jl. Iskandarsyah Blok M,98.71,True,Kecelakaan Ringan Roda Dua,Heavy,Hujan Lebat,30,2026-09-27T16:15:00Z,2026-09-27T16:15:00Z
10004721519026,-6.3218,107.0345,68.0,Tol Cimanggis - Cibitung KM 12,99.77,True,,Clear,Cerah,0,2026-09-27T16:30:00Z,2026-09-27T16:30:00Z
10001540137296,-6.1345,106.8133,28.0,Kawasan Kota Tua Mangga Besar,97.6,True,Pasar Tumpah,Moderate,Berawan,10,2026-09-27T16:45:00Z,2026-09-27T16:45:00Z
