waybill_number,courier_id,assigned_at,is_active
10006947530309,#JKT-88203,2026-09-25T04:00:00Z,True
10009776552803,#JKT-88202,2026-10-01T05:00:00Z,True
10001298737106,#JKT-88212,2026-09-30T01:00:00Z,True
10007609857128,#JKT-88209,2026-09-28T00:00:00Z,True
10003410529190,#JKT-88203,2026-09-28T03:00:00Z,True
10001284277889,#JKT-88201,2026-09-26T00:00:00Z,True
10008519962896,#JKT-88213,2026-10-01T01:00:00Z,True
10008357059814,#JKT-88212,2026-09-23T22:00:00Z,True
10003585650756,#JKT-88208,2026-09-29T04:00:00Z,True
10009896606039,#JKT-88203,2026-09-23T05:00:00Z,True
10004721519026,#JKT-88209,2026-09-29T05:00:00Z,True
10001540137296,#JKT-88203,2026-09-27T02:00:00Z,True
10006927597015,#JKT-88213,2026-09-22T04:00:00Z,True
10009928378856,#JKT-88213,2026-09-26T04:00:00Z,True
10004733616459,#JKT-88203,2026-09-27T00:00:00Z,True
10002051454923,#JKT-88205,2026-09-24T02:00:00Z,True
10009256195745,#JKT-88212,2026-09-26T02:00:00Z,True
10005141907136,#JKT-88202,2026-09-21T23:00:00Z,True
10005974249674,#JKT-88212,2026-09-27T05:00:00Z,True
10008615270538,#JKT-88214,2026-09-30T02:00:00Z,True
10001854316681,#JKT-88209,2026-09-23T01:00:00Z,True
10002801823908,#JKT-88200,2026-09-29T02:00:00Z,True
10008760038701,#JKT-88204,2026-09-23T02:00:00Z,True
10008752612686,#JKT-88213,2026-09-25T04:00:00Z,True
10005993561321,#JKT-88202,2026-09-29T02:00:00Z,True
10007867414708,#JKT-88202,2026-09-25T22:00:00Z,True
10008385972235,#JKT-88208,2026-09-24T02:00:00Z,True
10005231494220,#JKT-88204,2026-09-23T03:00:00Z,True
10003840104345,#JKT-88212,2026-09-30T23:00:00Z,False
10004246059658,#JKT-88202,2026-09-23T21:00:00Z,False
10003561557300,#JKT-88201,2026-09-28T23:00:00Z,False
10002193448329,#JKT-88210,2026-09-25T00:00:00Z,False
10004272602734,#JKT-88213,2026-09-30T03:00:00Z,False
10007280359794,#JKT-88200,2026-09-24T21:00:00Z,False
10003962958940,#JKT-88202,2026-09-25T03:00:00Z,False
10002525876051,#JKT-88200,2026-09-23T02:00:00Z,False
10008378385615,#JKT-88205,2026-09-29T03:00:00Z,False
10008128575500,#JKT-88212,2026-09-21T21:00:00Z,False
10008173347748,#JKT-88212,2026-09-26T02:00:00Z,False
10007980611182,#JKT-88203,2026-09-27T20:00:00Z,False
10007801222128,#JKT-88209,2026-09-29T03:00:00Z,False
10003119634399,#JKT-88205,2026-09-23T03:00:00Z,False
10004673561638,#JKT-88200,2026-09-30T02:00:00Z,False
