waybill_number,service_type,sender_name,sender_address,receiver_name,receiver_address,weight_kg,volume_m3,insurance_status,insurance_type,is_free_shipping,has_sla_guarantee,shipment_status,purchase_date,estimated_delivery_date,delivered_date,created_at,updated_at
10006947530309,AR-REG (Reguler),Otomotif Jaya Motor,"Jl. Veteran No. 5, Surabaya",Budi Santoso,"Jl. Merdeka No. 45, Jakarta Pusat",14.54,0.068,True,Standar,False,False,OUT_FOR_DELIVERY,2026-09-24T16:00:00Z,2026-09-27T20:00:00Z,,2026-09-24T16:00:00Z,2026-09-25T16:00:00Z
10001338258951,AR-NDR (Next Day),Sports Hub Official,"Jl. Sudirman No. 102, Jakarta Selatan",Budi Santoso,"Jl. Merdeka No. 45, Jakarta Pusat",14.78,,False,,False,False,ORDER_CREATED,2026-09-29T17:00:00Z,2026-10-01T22:00:00Z,,2026-09-29T17:00:00Z,2026-09-30T17:00:00Z
10009776552803,AR-NDR (Next Day),Elektronik Murah Jaya,"Mangga Dua Mall Lt. 3 No. 45, Jakarta Utara",Dewi Lestari,"Jl. Pajajaran No. 34, Bogor",14.54,0.044,False,,True,True,OUT_FOR_DELIVERY,2026-09-30T17:00:00Z,2026-10-03T01:00:00Z,,2026-09-30T17:00:00Z,2026-10-01T17:00:00Z
10003840104345,AR-NDR (Next Day),Toko Gadget Sejahtera,"Jl. Braga No. 10, Bandung",Kevin Sanjaya,"Jl. Tomang Raya No. 14, Jakarta Barat",1.48,,True,Proteksi Penuh,False,True,DELIVERED,2026-09-30T13:00:00Z,2026-10-02T21:00:00Z,2026-10-02T11:00:00Z,2026-09-30T13:00:00Z,2026-10-01T13:00:00Z
10003727210979,AR-REG (Reguler),Rumah Cantik Herbal,"Jl. Dago Atas No. 104, Bandung",Siti Nurhaliza,"Jl. Cempaka Putih Timur No. 18, Jakarta Cempaka Putih",6.46,0.042,False,,True,False,PICKUP_READY,2026-09-24T14:00:00Z,2026-09-27T21:00:00Z,,2026-09-24T14:00:00Z,2026-09-25T14:00:00Z
10001298737106,AR-NDR (Next Day),Elektronik Murah Jaya,"Mangga Dua Mall Lt. 3 No. 45, Jakarta Utara",Sri Wahyuni,"Jl. Harapan Indah Raya Blok CB No. 1, Bekasi",4.95,0.007,False,,True,True,OUT_FOR_DELIVERY,2026-09-29T13:00:00Z,2026-10-01T21:00:00Z,,2026-09-29T13:00:00Z,2026-09-30T13:00:00Z
10004944899549,AR-ECO (Ekonomis),Buku Pintar Official,"Jl. Malioboro No. 44, Yogyakarta",Maya Indah,"Jl. Tebet Barat Dalam VII No. 2, Jakarta Selatan",13.25,0.03,True,Standar,False,True,PICKUP_READY,2026-09-29T14:00:00Z,2026-10-02T18:00:00Z,,2026-09-29T14:00:00Z,2026-09-30T14:00:00Z
10007017956955,AR-NDR (Next Day),Elektronik Murah Jaya,"Mangga Dua Mall Lt. 3 No. 45, Jakarta Utara",Siti Nurhaliza,"Jl. Cempaka Putih Timur No. 18, Jakarta Cempaka Putih",13.38,0.013,False,,True,False,ORDER_CREATED,2026-09-24T14:00:00Z,2026-09-26T22:00:00Z,,2026-09-24T14:00:00Z,2026-09-25T14:00:00Z
10002631775357,AR-SD (Same Day),Elektronik Murah Jaya,"Mangga Dua Mall Lt. 3 No. 45, Jakarta Utara",Budi Santoso,"Jl. Merdeka No. 45, Jakarta Pusat",1.66,0.023,True,Standar,True,False,ORDER_CREATED,2026-09-23T17:00:00Z,2026-09-25T01:00:00Z,,2026-09-23T17:00:00Z,2026-09-24T17:00:00Z
10007609857128,AR-SD (Same Day),Otomotif Jaya Motor,"Jl. Veteran No. 5, Surabaya",Budi Santoso,"Jl. Merdeka No. 45, Jakarta Pusat",1.94,0.056,True,Proteksi Penuh,False,True,OUT_FOR_DELIVERY,2026-09-27T12:00:00Z,2026-09-28T16:00:00Z,,2026-09-27T12:00:00Z,2026-09-28T12:00:00Z
10004504793184,AR-ECO (Ekonomis),Beauty Skin Cosmetic,"Jl. Surya Sumantri No. 88, Bandung",Budi Santoso,"Jl. Merdeka No. 45, Jakarta Pusat",13.51,,True,Proteksi Penuh,False,False,ORDER_CREATED,2026-09-30T12:00:00Z,2026-10-03T17:00:00Z,,2026-09-30T12:00:00Z,2026-10-01T12:00:00Z
10004246059658,AR-NDR (Next Day),Buku Pintar Official,"Jl. Malioboro No. 44, Yogyakarta",Andi Pratama,"Jl. Bintaro Utama Sektor 3A No. 50, Tangerang Selatan",0.66,0.027,False,,True,False,DELIVERED,2026-09-23T11:00:00Z,2026-09-25T18:00:00Z,2026-09-25T17:00:00Z,2026-09-23T11:00:00Z,2026-09-24T11:00:00Z
10003410529190,AR-SD (Same Day),Sentra Kopi Nusantara,"Jl. Asia Afrika No. 25, Bandung",Dewi Lestari,"Jl. Pajajaran No. 34, Bogor",12.3,0.025,True,Proteksi Penuh,True,True,IN_TRANSIT,2026-09-27T15:00:00Z,2026-09-28T21:00:00Z,,2026-09-27T15:00:00Z,2026-09-28T15:00:00Z
10001284277889,AR-REG (Reguler),Elektronik Murah Jaya,"Mangga Dua Mall Lt. 3 No. 45, Jakarta Utara",Maya Indah,"Jl. Tebet Barat Dalam VII No. 2, Jakarta Selatan",9.73,0.079,False,,True,True,IN_TRANSIT,2026-09-25T12:00:00Z,2026-09-28T20:00:00Z,,2026-09-25T12:00:00Z,2026-09-26T12:00:00Z
10008519962896,AR-ECO (Ekonomis),Toko Gadget Sejahtera,"Jl. Braga No. 10, Bandung",Siti Nurhaliza,"Jl. Cempaka Putih Timur No. 18, Jakarta Cempaka Putih",9.07,0.063,False,,True,False,OUT_FOR_DELIVERY,2026-09-30T13:00:00Z,2026-10-03T19:00:00Z,,2026-09-30T13:00:00Z,2026-10-01T13:00:00Z
10002461042543,AR-REG (Reguler),Sports Hub Official,"Jl. Sudirman No. 102, Jakarta Selatan",Budi Santoso,"Jl. Merdeka No. 45, Jakarta Pusat",7.94,0.055,True,Standar,False,True,PICKUP_READY,2026-09-26T15:00:00Z,2026-09-29T19:00:00Z,,2026-09-26T15:00:00Z,2026-09-27T15:00:00Z
10007900268326,AR-ECO (Ekonomis),Otomotif Jaya Motor,"Jl. Veteran No. 5, Surabaya",Rian Hidayat,"Jl. Boulevard Barat Blok LC No. 9, Kelapa Gading, Jakarta Utara",10.1,0.056,True,Proteksi Penuh,False,False,ORDER_CREATED,2026-09-23T14:00:00Z,2026-09-26T21:00:00Z,,2026-09-23T14:00:00Z,2026-09-24T14:00:00Z
10003561557300,AR-REG (Reguler),Elektronik Murah Jaya,"Mangga Dua Mall Lt. 3 No. 45, Jakarta Utara",Rian Hidayat,"Jl. Boulevard Barat Blok LC No. 9, Kelapa Gading, Jakarta Utara",3.39,0.049,False,,False,False,DELIVERED,2026-09-28T13:00:00Z,2026-10-01T21:00:00Z,2026-10-01T13:00:00Z,2026-09-28T13:00:00Z,2026-09-29T13:00:00Z
10008357059814,AR-NDR (Next Day),Fashion Muslimah ID,"Jl. Tanah Abang Blok A No. 12, Jakarta Pusat",Rian Hidayat,"Jl. Boulevard Barat Blok LC No. 9, Kelapa Gading, Jakarta Utara",7.88,0.027,True,Standar,True,True,IN_TRANSIT,2026-09-23T10:00:00Z,2026-09-25T14:00:00Z,,2026-09-23T10:00:00Z,2026-09-24T10:00:00Z
10003585650756,AR-NDR (Next Day),Sembako Barokah,"Jl. Raya Pasar Minggu No. 15, Jakarta Selatan",Rina Melati,"Jl. Fatmawati Raya No. 77, Jakarta Selatan",12.79,,False,,True,False,IN_TRANSIT,2026-09-28T16:00:00Z,2026-09-30T21:00:00Z,,2026-09-28T16:00:00Z,2026-09-29T16:00:00Z
10009896606039,AR-NDR (Next Day),Toko Gadget Sejahtera,"Jl. Braga No. 10, Bandung",Siti Nurhaliza,"Jl. Cempaka Putih Timur No. 18, Jakarta Cempaka Putih",11.74,,False,,True,True,IN_TRANSIT,2026-09-22T17:00:00Z,2026-09-24T22:00:00Z,,2026-09-22T17:00:00Z,2026-09-23T17:00:00Z
10004721519026,AR-SD (Same Day),Otomotif Jaya Motor,"Jl. Veteran No. 5, Surabaya",Kevin Sanjaya,"Jl. Tomang Raya No. 14, Jakarta Barat",9.05,0.071,False,,False,True,IN_TRANSIT,2026-09-28T17:00:00Z,2026-09-29T23:00:00Z,,2026-09-28T17:00:00Z,2026-09-29T17:00:00Z
10002193448329,AR-NDR (Next Day),Elektronik Murah Jaya,"Mangga Dua Mall Lt. 3 No. 45, Jakarta Utara",Kevin Sanjaya,"Jl. Tomang Raya No. 14, Jakarta Barat",7.42,,False,,True,False,DELIVERED,2026-09-24T14:00:00Z,2026-09-26T20:00:00Z,2026-09-26T14:00:00Z,2026-09-24T14:00:00Z,2026-09-25T14:00:00Z
10004272602734,AR-REG (Reguler),Buku Pintar Official,"Jl. Malioboro No. 44, Yogyakarta",Ahmad Fauzi,"Jl. Margonda Raya No. 120, Depok",3.7,0.057,True,Standar,False,False,DELIVERED,2026-09-29T17:00:00Z,2026-10-03T00:00:00Z,2026-10-02T23:00:00Z,2026-09-29T17:00:00Z,2026-09-30T17:00:00Z
10001540137296,AR-NDR (Next Day),Sports Hub Official,"Jl. Sudirman No. 102, Jakarta Selatan",Andi Pratama,"Jl. Bintaro Utama Sektor 3A No. 50, Tangerang Selatan",13.6,0.056,False,,False,True,IN_TRANSIT,2026-09-26T14:00:00Z,2026-09-28T21:00:00Z,,2026-09-26T14:00:00Z,2026-09-27T14:00:00Z
10006927597015,AR-SD (Same Day),Otomotif Jaya Motor,"Jl. Veteran No. 5, Surabaya",Kevin Sanjaya,"Jl. Tomang Raya No. 14, Jakarta Barat",12.06,0.04,False,,False,False,IN_TRANSIT,2026-09-21T16:00:00Z,2026-09-22T22:00:00Z,,2026-09-21T16:00:00Z,2026-09-22T16:00:00Z
10008877444318,AR-SD (Same Day),Buku Pintar Official,"Jl. Malioboro No. 44, Yogyakarta",Sri Wahyuni,"Jl. Harapan Indah Raya Blok CB No. 1, Bekasi",13.82,0.043,False,,True,True,ORDER_CREATED,2026-09-27T12:00:00Z,2026-09-28T19:00:00Z,,2026-09-27T12:00:00Z,2026-09-28T12:00:00Z
10009928378856,AR-NDR (Next Day),Toko Gadget Sejahtera,"Jl. Braga No. 10, Bandung",Rian Hidayat,"Jl. Boulevard Barat Blok LC No. 9, Kelapa Gading, Jakarta Utara",5.87,,False,,False,False,OUT_FOR_DELIVERY,2026-09-25T16:00:00Z,2026-09-27T22:00:00Z,,2026-09-25T16:00:00Z,2026-09-26T16:00:00Z
10005908596099,AR-REG (Reguler),Sembako Barokah,"Jl. Raya Pasar Minggu No. 15, Jakarta Selatan",Budi Santoso,"Jl. Merdeka No. 45, Jakarta Pusat",11.31,,False,,True,True,NOT_FOUND,2026-09-21T10:00:00Z,2026-09-24T15:00:00Z,,2026-09-21T10:00:00Z,2026-09-22T10:00:00Z
10004733616459,AR-NDR (Next Day),Toko Gadget Sejahtera,"Jl. Braga No. 10, Bandung",Rina Melati,"Jl. Fatmawati Raya No. 77, Jakarta Selatan",2.54,,True,Proteksi Penuh,False,False,IN_TRANSIT,2026-09-26T12:00:00Z,2026-09-28T20:00:00Z,,2026-09-26T12:00:00Z,2026-09-27T12:00:00Z
10007280359794,AR-REG (Reguler),Buku Pintar Official,"Jl. Malioboro No. 44, Yogyakarta",Rian Hidayat,"Jl. Boulevard Barat Blok LC No. 9, Kelapa Gading, Jakarta Utara",1.89,,False,,False,False,DELIVERED,2026-09-24T11:00:00Z,2026-09-27T19:00:00Z,2026-09-27T07:00:00Z,2026-09-24T11:00:00Z,2026-09-25T11:00:00Z
10002028439863,AR-NDR (Next Day),Fashion Muslimah ID,"Jl. Tanah Abang Blok A No. 12, Jakarta Pusat",Rian Hidayat,"Jl. Boulevard Barat Blok LC No. 9, Kelapa Gading, Jakarta Utara",12.8,0.011,True,Standar,False,False,ORDER_CREATED,2026-09-22T15:00:00Z,2026-09-24T19:00:00Z,,2026-09-22T15:00:00Z,2026-09-23T15:00:00Z
10002051454923,AR-SD (Same Day),Sembako Barokah,"Jl. Raya Pasar Minggu No. 15, Jakarta Selatan",Siti Nurhaliza,"Jl. Cempaka Putih Timur No. 18, Jakarta Cempaka Putih",6.67,0.071,False,,True,False,IN_TRANSIT,2026-09-23T14:00:00Z,2026-09-24T22:00:00Z,,2026-09-23T14:00:00Z,2026-09-24T14:00:00Z
10003962958940,AR-SD (Same Day),Sembako Barokah,"Jl. Raya Pasar Minggu No. 15, Jakarta Selatan",Andi Pratama,"Jl. Bintaro Utama Sektor 3A No. 50, Tangerang Selatan",12.44,0.026,True,Proteksi Penuh,False,False,DELIVERED,2026-09-24T17:00:00Z,2026-09-26T01:00:00Z,2026-09-25T15:00:00Z,2026-09-24T17:00:00Z,2026-09-25T17:00:00Z
10009256195745,AR-SD (Same Day),Beauty Skin Cosmetic,"Jl. Surya Sumantri No. 88, Bandung",Budi Santoso,"Jl. Merdeka No. 45, Jakarta Pusat",7.57,0.04,False,,False,False,OUT_FOR_DELIVERY,2026-09-25T14:00:00Z,2026-09-26T22:00:00Z,,2026-09-25T14:00:00Z,2026-09-26T14:00:00Z
10005141907136,AR-REG (Reguler),Otomotif Jaya Motor,"Jl. Veteran No. 5, Surabaya",Dewi Lestari,"Jl. Pajajaran No. 34, Bogor",1.56,0.04,True,Standar,False,False,IN_TRANSIT,2026-09-21T11:00:00Z,2026-09-24T17:00:00Z,,2026-09-21T11:00:00Z,2026-09-22T11:00:00Z
10005974249674,AR-NDR (Next Day),Sports Hub Official,"Jl. Sudirman No. 102, Jakarta Selatan",Dewi Lestari,"Jl. Pajajaran No. 34, Bogor",4.8,0.038,False,,False,False,IN_TRANSIT,2026-09-26T17:00:00Z,2026-09-28T23:00:00Z,,2026-09-26T17:00:00Z,2026-09-27T17:00:00Z
10006555540744,AR-ECO (Ekonomis),Elektronik Murah Jaya,"Mangga Dua Mall Lt. 3 No. 45, Jakarta Utara",Dewi Lestari,"Jl. Pajajaran No. 34, Bogor",2.07,,True,Proteksi Penuh,True,True,ORDER_CREATED,2026-09-28T14:00:00Z,2026-10-01T22:00:00Z,,2026-09-28T14:00:00Z,2026-09-29T14:00:00Z
10008615270538,AR-ECO (Ekonomis),Fashion Muslimah ID,"Jl. Tanah Abang Blok A No. 12, Jakarta Pusat",Dewi Lestari,"Jl. Pajajaran No. 34, Bogor",4.65,0.025,True,Standar,True,True,IN_TRANSIT,2026-09-29T14:00:00Z,2026-10-02T19:00:00Z,,2026-09-29T14:00:00Z,2026-09-30T14:00:00Z
10001438989805,AR-SD (Same Day),Fashion Muslimah ID,"Jl. Tanah Abang Blok A No. 12, Jakarta Pusat",Budi Santoso,"Jl. Merdeka No. 45, Jakarta Pusat",8.74,0.036,True,Proteksi Penuh,False,False,ORDER_CREATED,2026-09-22T11:00:00Z,2026-09-23T18:00:00Z,,2026-09-22T11:00:00Z,2026-09-23T11:00:00Z
10002525876051,AR-SD (Same Day),Fashion Muslimah ID,"Jl. Tanah Abang Blok A No. 12, Jakarta Pusat",Rina Melati,"Jl. Fatmawati Raya No. 77, Jakarta Selatan",9.55,,True,Standar,True,True,DELIVERED,2026-09-22T16:00:00Z,2026-09-24T00:00:00Z,2026-09-23T14:00:00Z,2026-09-22T16:00:00Z,2026-09-23T16:00:00Z
10004529615275,AR-NDR (Next Day),Otomotif Jaya Motor,"Jl. Veteran No. 5, Surabaya",Andi Pratama,"Jl. Bintaro Utama Sektor 3A No. 50, Tangerang Selatan",6.92,0.069,False,,False,True,PICKUP_READY,2026-09-30T11:00:00Z,2026-10-02T16:00:00Z,,2026-09-30T11:00:00Z,2026-10-01T11:00:00Z
10008378385615,AR-NDR (Next Day),Elektronik Murah Jaya,"Mangga Dua Mall Lt. 3 No. 45, Jakarta Utara",Siti Nurhaliza,"Jl. Cempaka Putih Timur No. 18, Jakarta Cempaka Putih",2.61,,True,Proteksi Penuh,True,False,DELIVERED,2026-09-28T17:00:00Z,2026-09-30T23:00:00Z,2026-09-30T22:00:00Z,2026-09-28T17:00:00Z,2026-09-29T17:00:00Z
10001854316681,AR-NDR (Next Day),Elektronik Murah Jaya,"Mangga Dua Mall Lt. 3 No. 45, Jakarta Utara",Rian Hidayat,"Jl. Boulevard Barat Blok LC No. 9, Kelapa Gading, Jakarta Utara",10.63,0.055,False,,True,False,IN_TRANSIT,2026-09-22T13:00:00Z,2026-09-24T18:00:00Z,,2026-09-22T13:00:00Z,2026-09-23T13:00:00Z
10008438486479,AR-ECO (Ekonomis),Buku Pintar Official,"Jl. Malioboro No. 44, Yogyakarta",Siti Nurhaliza,"Jl. Cempaka Putih Timur No. 18, Jakarta Cempaka Putih",1.18,0.048,False,,False,True,NOT_FOUND,2026-09-28T14:00:00Z,2026-10-01T21:00:00Z,,2026-09-28T14:00:00Z,2026-09-29T14:00:00Z
10008128575500,AR-ECO (Ekonomis),Otomotif Jaya Motor,"Jl. Veteran No. 5, Surabaya",Kevin Sanjaya,"Jl. Tomang Raya No. 14, Jakarta Barat",7.56,,True,Standar,False,False,DELIVERED,2026-09-21T11:00:00Z,2026-09-24T16:00:00Z,2026-09-24T05:00:00Z,2026-09-21T11:00:00Z,2026-09-22T11:00:00Z
10007439149233,AR-REG (Reguler),Elektronik Murah Jaya,"Mangga Dua Mall Lt. 3 No. 45, Jakarta Utara",Rina Melati,"Jl. Fatmawati Raya No. 77, Jakarta Selatan",0.89,0.038,False,,False,True,ORDER_CREATED,2026-09-30T16:00:00Z,2026-10-03T23:00:00Z,,2026-09-30T16:00:00Z,2026-10-01T16:00:00Z
10008173347748,AR-REG (Reguler),Sembako Barokah,"Jl. Raya Pasar Minggu No. 15, Jakarta Selatan",Maya Indah,"Jl. Tebet Barat Dalam VII No. 2, Jakarta Selatan",6.3,0.009,True,Standar,False,False,DELIVERED,2026-09-25T16:00:00Z,2026-09-29T00:00:00Z,2026-09-28T23:00:00Z,2026-09-25T16:00:00Z,2026-09-26T16:00:00Z
10007980611182,AR-SD (Same Day),Fashion Muslimah ID,"Jl. Tanah Abang Blok A No. 12, Jakarta Pusat",Maya Indah,"Jl. Tebet Barat Dalam VII No. 2, Jakarta Selatan",4.01,,False,,True,False,DELIVERED,2026-09-27T10:00:00Z,2026-09-28T15:00:00Z,2026-09-28T06:00:00Z,2026-09-27T10:00:00Z,2026-09-28T10:00:00Z
10006004182187,AR-ECO (Ekonomis),Rumah Cantik Herbal,"Jl. Dago Atas No. 104, Bandung",Sri Wahyuni,"Jl. Harapan Indah Raya Blok CB No. 1, Bekasi",9.49,0.017,True,Standar,False,False,ORDER_CREATED,2026-09-22T10:00:00Z,2026-09-25T18:00:00Z,,2026-09-22T10:00:00Z,2026-09-23T10:00:00Z
10002801823908,AR-NDR (Next Day),Buku Pintar Official,"Jl. Malioboro No. 44, Yogyakarta",Rian Hidayat,"Jl. Boulevard Barat Blok LC No. 9, Kelapa Gading, Jakarta Utara",8.4,0.008,True,Standar,True,True,OUT_FOR_DELIVERY,2026-09-28T14:00:00Z,2026-09-30T22:00:00Z,,2026-09-28T14:00:00Z,2026-09-29T14:00:00Z
10008760038701,AR-ECO (Ekonomis),Sports Hub Official,"Jl. Sudirman No. 102, Jakarta Selatan",Sri Wahyuni,"Jl. Harapan Indah Raya Blok CB No. 1, Bekasi",14.71,,True,Standar,True,True,OUT_FOR_DELIVERY,2026-09-22T14:00:00Z,2026-09-25T21:00:00Z,,2026-09-22T14:00:00Z,2026-09-23T14:00:00Z
10007801222128,AR-ECO (Ekonomis),Otomotif Jaya Motor,"Jl. Veteran No. 5, Surabaya",Rian Hidayat,"Jl. Boulevard Barat Blok LC No. 9, Kelapa Gading, Jakarta Utara",12.36,,False,,False,True,DELIVERED,2026-09-28T17:00:00Z,2026-10-01T23:00:00Z,2026-10-01T17:00:00Z,2026-09-28T17:00:00Z,2026-09-29T17:00:00Z
10001599707677,AR-SD (Same Day),Sembako Barokah,"Jl. Raya Pasar Minggu No. 15, Jakarta Selatan",Maya Indah,"Jl. Tebet Barat Dalam VII No. 2, Jakarta Selatan",13.08,0.02,False,,True,False,ORDER_CREATED,2026-09-21T15:00:00Z,2026-09-22T22:00:00Z,,2026-09-21T15:00:00Z,2026-09-22T15:00:00Z
10003119634399,AR-SD (Same Day),Sports Hub Official,"Jl. Sudirman No. 102, Jakarta Selatan",Ahmad Fauzi,"Jl. Margonda Raya No. 120, Depok",7.58,,False,,True,False,DELIVERED,2026-09-22T17:00:00Z,2026-09-23T21:00:00Z,2026-09-23T09:00:00Z,2026-09-22T17:00:00Z,2026-09-23T17:00:00Z
10004673561638,AR-NDR (Next Day),Sports Hub Official,"Jl. Sudirman No. 102, Jakarta Selatan",Ahmad Fauzi,"Jl. Margonda Raya No. 120, Depok",1.4,0.022,False,,True,False,DELIVERED,2026-09-29T16:00:00Z,2026-10-01T22:00:00Z,2026-10-01T11:00:00Z,2026-09-29T16:00:00Z,2026-09-30T16:00:00Z
10007110082321,AR-SD (Same Day),Otomotif Jaya Motor,"Jl. Veteran No. 5, Surabaya",Budi Santoso,"Jl. Merdeka No. 45, Jakarta Pusat",9.38,,False,,True,True,DELIVERED,2026-09-27T11:00:00Z,2026-09-28T15:00:00Z,2026-09-28T07:00:00Z,2026-09-27T11:00:00Z,2026-09-28T11:00:00Z
10008752612686,AR-NDR (Next Day),Elektronik Murah Jaya,"Mangga Dua Mall Lt. 3 No. 45, Jakarta Utara",Budi Santoso,"Jl. Merdeka No. 45, Jakarta Pusat",0.98,0.024,False,,False,True,IN_TRANSIT,2026-09-24T16:00:00Z,2026-09-27T00:00:00Z,,2026-09-24T16:00:00Z,2026-09-25T16:00:00Z
10005993561321,AR-NDR (Next Day),Buku Pintar Official,"Jl. Malioboro No. 44, Yogyakarta",Ahmad Fauzi,"Jl. Margonda Raya No. 120, Depok",1.46,0.05,True,Standar,True,True,IN_TRANSIT,2026-09-28T14:00:00Z,2026-09-30T21:00:00Z,,2026-09-28T14:00:00Z,2026-09-29T14:00:00Z
10008055995058,AR-ECO (Ekonomis),Toko Gadget Sejahtera,"Jl. Braga No. 10, Bandung",Sri Wahyuni,"Jl. Harapan Indah Raya Blok CB No. 1, Bekasi",13.55,0.013,False,,False,False,ORDER_CREATED,2026-09-27T14:00:00Z,2026-09-30T21:00:00Z,,2026-09-27T14:00:00Z,2026-09-28T14:00:00Z
10007867414708,AR-ECO (Ekonomis),Sentra Kopi Nusantara,"Jl. Asia Afrika No. 25, Bandung",Andi Pratama,"Jl. Bintaro Utama Sektor 3A No. 50, Tangerang Selatan",12.84,,False,,False,False,IN_TRANSIT,2026-09-25T10:00:00Z,2026-09-28T17:00:00Z,,2026-09-25T10:00:00Z,2026-09-26T10:00:00Z
10005047709743,AR-ECO (Ekonomis),Toko Gadget Sejahtera,"Jl. Braga No. 10, Bandung",Rina Melati,"Jl. Fatmawati Raya No. 77, Jakarta Selatan",13.02,0.078,False,,False,True,ORDER_CREATED,2026-09-30T15:00:00Z,2026-10-03T20:00:00Z,,2026-09-30T15:00:00Z,2026-10-01T15:00:00Z
10001240251661,AR-NDR (Next Day),Rumah Cantik Herbal,"Jl. Dago Atas No. 104, Bandung",Rian Hidayat,"Jl. Boulevard Barat Blok LC No. 9, Kelapa Gading, Jakarta Utara",10.26,0.053,True,Proteksi Penuh,True,False,ORDER_CREATED,2026-09-28T10:00:00Z,2026-09-30T18:00:00Z,,2026-09-28T10:00:00Z,2026-09-29T10:00:00Z
10008385972235,AR-ECO (Ekonomis),Buku Pintar Official,"Jl. Malioboro No. 44, Yogyakarta",Siti Nurhaliza,"Jl. Cempaka Putih Timur No. 18, Jakarta Cempaka Putih",13.67,0.034,True,Proteksi Penuh,False,False,IN_TRANSIT,2026-09-23T14:00:00Z,2026-09-26T21:00:00Z,,2026-09-23T14:00:00Z,2026-09-24T14:00:00Z
10004698408854,AR-ECO (Ekonomis),Beauty Skin Cosmetic,"Jl. Surya Sumantri No. 88, Bandung",Siti Nurhaliza,"Jl. Cempaka Putih Timur No. 18, Jakarta Cempaka Putih",7.18,,True,Standar,False,True,PICKUP_READY,2026-09-27T10:00:00Z,2026-09-30T16:00:00Z,,2026-09-27T10:00:00Z,2026-09-28T10:00:00Z
10003098545541,AR-REG (Reguler),Sembako Barokah,"Jl. Raya Pasar Minggu No. 15, Jakarta Selatan",Maya Indah,"Jl. Tebet Barat Dalam VII No. 2, Jakarta Selatan",10.19,0.047,False,,True,True,DELIVERED,2026-09-28T10:00:00Z,2026-10-01T18:00:00Z,2026-10-01T09:00:00Z,2026-09-28T10:00:00Z,2026-09-29T10:00:00Z
10002554762903,AR-ECO (Ekonomis),Rumah Cantik Herbal,"Jl. Dago Atas No. 104, Bandung",Dewi Lestari,"Jl. Pajajaran No. 34, Bogor",9.82,0.038,False,,False,True,DELIVERED,2026-09-23T10:00:00Z,2026-09-26T14:00:00Z,2026-09-26T09:00:00Z,2026-09-23T10:00:00Z,2026-09-24T10:00:00Z
10008574149614,AR-SD (Same Day),Fashion Muslimah ID,"Jl. Tanah Abang Blok A No. 12, Jakarta Pusat",Siti Nurhaliza,"Jl. Cempaka Putih Timur No. 18, Jakarta Cempaka Putih",3.75,0.032,False,,False,True,DELIVERED,2026-09-27T11:00:00Z,2026-09-28T18:00:00Z,2026-09-28T08:00:00Z,2026-09-27T11:00:00Z,2026-09-28T11:00:00Z
10005231494220,AR-SD (Same Day),Elektronik Murah Jaya,"Mangga Dua Mall Lt. 3 No. 45, Jakarta Utara",Budi Santoso,"Jl. Merdeka No. 45, Jakarta Pusat",10.45,,False,,True,False,OUT_FOR_DELIVERY,2026-09-22T15:00:00Z,2026-09-23T23:00:00Z,,2026-09-22T15:00:00Z,2026-09-23T15:00:00Z
10008217611860,AR-ECO (Ekonomis),Toko Gadget Sejahtera,"Jl. Braga No. 10, Bandung",Andi Pratama,"Jl. Bintaro Utama Sektor 3A No. 50, Tangerang Selatan",4.36,0.076,False,,True,True,DELIVERED,2026-09-30T10:00:00Z,2026-10-03T14:00:00Z,2026-10-03T08:00:00Z,2026-09-30T10:00:00Z,2026-10-01T10:00:00Z
